branch_,radius_spec,year_quarter,new_business_count,treatment_date,treatment_quarter,post
"Daley, Richard M.",0.25mi,2005Q1,1,2011-07-08,2011Q3,0
"Daley, Richard M.",0.25mi,2005Q2,6,2011-07-08,2011Q3,0
"Daley, Richard M.",0.25mi,2005Q3,4,2011-07-08,2011Q3,0
"Daley, Richard M.",0.25mi,2005Q4,1,2011-07-08,2011Q3,0
"Daley, Richard M.",0.25mi,2006Q1,5,2011-07-08,2011Q3,0
"Daley, Richard M.",0.25mi,2006Q2,5,2011-07-08,2011Q3,0
"Daley, Richard M.",0.25mi,2006Q3,3,2011-07-08,2011Q3,0
"Daley, Richard M.",0.25mi,2006Q4,3,2011-07-08,2011Q3,0
"Daley, Richard M.",0.25mi,2007Q1,0,2011-07-08,2011Q3,0
"Daley, Richard M.",0.25mi,2007Q2,2,2011-07-08,2011Q3,0
"Daley, Richard M.",0.25mi,2007Q3,1,2011-07-08,2011Q3,0
"Daley, Richard M.",0.25mi,2007Q4,2,2011-07-08,2011Q3,0
"Daley, Richard M.",0.25mi,2008Q1,5,2011-07-08,2011Q3,0
"Daley, Richard M.",0.25mi,2008Q2,9,2011-07-08,2011Q3,0
"Daley, Richard M.",0.25mi,2008Q3,3,2011-07-08,2011Q3,0
"Daley, Richard M.",0.25mi,2008Q4,1,2011-07-08,2011Q3,0
"Daley, Richard M.",0.25mi,2009Q1,3,2011-07-08,2011Q3,0
"Daley, Richard M.",0.25mi,2009Q2,5,2011-07-08,2011Q3,0
"Daley, Richard M.",0.25mi,2009Q3,5,2011-07-08,2011Q3,0
"Daley, Richard M.",0.25mi,2009Q4,4,2011-07-08,2011Q3,0
"Daley, Richard M.",0.25mi,2010Q1,1,2011-07-08,2011Q3,0
"Daley, Richard M.",0.25mi,2010Q2,0,2011-07-08,2011Q3,0
"Daley, Richard M.",0.25mi,2010Q3,0,2011-07-08,2011Q3,0
"Daley, Richard M.",0.25mi,2010Q4,0,2011-07-08,2011Q3,0
"Daley, Richard M.",0.25mi,2011Q1,7,2011-07-08,2011Q3,0
"Daley, Richard M.",0.25mi,2011Q2,4,2011-07-08,2011Q3,0
"Daley, Richard M.",0.25mi,2011Q3,5,2011-07-08,2011Q3,1
"Daley, Richard M.",0.25mi,2011Q4,1,2011-07-08,2011Q3,1
"Daley, Richard M.",0.25mi,2012Q1,2,2011-07-08,2011Q3,1
"Daley, Richard M.",0.25mi,2012Q2,3,2011-07-08,2011Q3,1
"Daley, Richard M.",0.25mi,2012Q3,2,2011-07-08,2011Q3,1
"Daley, Richard M.",0.25mi,2012Q4,19,2011-07-08,2011Q3,1
"Daley, Richard M.",0.25mi,2013Q1,4,2011-07-08,2011Q3,1
"Daley, Richard M.",0.25mi,2013Q2,1,2011-07-08,2011Q3,1
"Daley, Richard M.",0.25mi,2013Q3,1,2011-07-08,2011Q3,1
"Daley, Richard M.",0.25mi,2013Q4,2,2011-07-08,2011Q3,1
"Daley, Richard M.",0.25mi,2014Q1,9,2011-07-08,2011Q3,1
"Daley, Richard M.",0.25mi,2014Q2,1,2011-07-08,2011Q3,1
"Daley, Richard M.",0.25mi,2014Q3,3,2011-07-08,2011Q3,1
"Daley, Richard M.",0.25mi,2014Q4,6,2011-07-08,2011Q3,1
"Daley, Richard M.",0.25mi,2015Q1,3,2011-07-08,2011Q3,1
"Daley, Richard M.",0.25mi,2015Q2,2,2011-07-08,2011Q3,1
"Daley, Richard M.",0.25mi,2015Q3,1,2011-07-08,2011Q3,1
"Daley, Richard M.",0.25mi,2015Q4,3,2011-07-08,2011Q3,1
"Daley, Richard M.",0.25mi,2016Q1,2,2011-07-08,2011Q3,1
"Daley, Richard M.",0.25mi,2016Q2,3,2011-07-08,2011Q3,1
"Daley, Richard M.",0.25mi,2016Q3,2,2011-07-08,2011Q3,1
"Daley, Richard M.",0.25mi,2016Q4,3,2011-07-08,2011Q3,1
"Daley, Richard M.",0.25mi,2017Q1,3,2011-07-08,2011Q3,1
"Daley, Richard M.",0.25mi,2017Q2,2,2011-07-08,2011Q3,1
"Daley, Richard M.",0.25mi,2017Q3,1,2011-07-08,2011Q3,1
"Daley, Richard M.",0.25mi,2017Q4,5,2011-07-08,2011Q3,1
"Daley, Richard M.",0.25mi,2018Q1,0,2011-07-08,2011Q3,1
"Daley, Richard M.",0.25mi,2018Q2,3,2011-07-08,2011Q3,1
"Daley, Richard M.",0.25mi,2018Q3,2,2011-07-08,2011Q3,1
"Daley, Richard M.",0.25mi,2018Q4,2,2011-07-08,2011Q3,1
"Daley, Richard M.",0.25mi,2019Q1,2,2011-07-08,2011Q3,1
"Daley, Richard M.",0.25mi,2019Q2,3,2011-07-08,2011Q3,1
"Daley, Richard M.",0.25mi,2019Q3,2,2011-07-08,2011Q3,1
"Daley, Richard M.",0.25mi,2019Q4,4,2011-07-08,2011Q3,1
"Daley, Richard M.",0.25mi,2020Q1,2,2011-07-08,2011Q3,1
"Daley, Richard M.",0.25mi,2020Q2,1,2011-07-08,2011Q3,1
"Daley, Richard M.",0.25mi,2020Q3,0,2011-07-08,2011Q3,1
"Daley, Richard M.",0.25mi,2020Q4,3,2011-07-08,2011Q3,1
"Daley, Richard M.",0.25mi,2021Q1,2,2011-07-08,2011Q3,1
"Daley, Richard M.",0.25mi,2021Q2,2,2011-07-08,2011Q3,1
"Daley, Richard M.",0.25mi,2021Q3,1,2011-07-08,2011Q3,1
"Daley, Richard M.",0.25mi,2021Q4,0,2011-07-08,2011Q3,1
"Daley, Richard M.",0.25mi,2022Q1,2,2011-07-08,2011Q3,1
"Daley, Richard M.",0.25mi,2022Q2,2,2011-07-08,2011Q3,1
"Daley, Richard M.",0.25mi,2022Q3,2,2011-07-08,2011Q3,1
"Daley, Richard M.",0.25mi,2022Q4,2,2011-07-08,2011Q3,1
"Daley, Richard M.",0.25mi,2023Q1,1,2011-07-08,2011Q3,1
"Daley, Richard M.",0.25mi,2023Q2,0,2011-07-08,2011Q3,1
"Daley, Richard M.",0.25mi,2023Q3,0,2011-07-08,2011Q3,1
"Daley, Richard M.",0.25mi,2023Q4,4,2011-07-08,2011Q3,1
"Daley, Richard M.",0.25mi,2024Q1,0,2011-07-08,2011Q3,1
"Daley, Richard M.",0.25mi,2024Q2,4,2011-07-08,2011Q3,1
"Daley, Richard M.",0.25mi,2024Q3,2,2011-07-08,2011Q3,1
"Daley, Richard M.",0.25mi,2024Q4,1,2011-07-08,2011Q3,1
"Daley, Richard M.",0.25mi,2025Q1,3,2011-07-08,2011Q3,1
"Daley, Richard M.",0.25mi,2025Q2,4,2011-07-08,2011Q3,1
"Daley, Richard M.",0.25mi,2025Q3,3,2011-07-08,2011Q3,1
"Daley, Richard M.",0.25mi,2025Q4,2,2011-07-08,2011Q3,1
"Daley, Richard M.",0.25mi,2026Q1,1,2011-07-08,2011Q3,1
"Daley, Richard M.",0.25mi,2026Q2,1,2011-07-08,2011Q3,1
"Daley, Richard M.",0.5mi,2005Q1,10,2011-07-08,2011Q3,0
"Daley, Richard M.",0.5mi,2005Q2,13,2011-07-08,2011Q3,0
"Daley, Richard M.",0.5mi,2005Q3,12,2011-07-08,2011Q3,0
"Daley, Richard M.",0.5mi,2005Q4,7,2011-07-08,2011Q3,0
"Daley, Richard M.",0.5mi,2006Q1,9,2011-07-08,2011Q3,0
"Daley, Richard M.",0.5mi,2006Q2,13,2011-07-08,2011Q3,0
"Daley, Richard M.",0.5mi,2006Q3,6,2011-07-08,2011Q3,0
"Daley, Richard M.",0.5mi,2006Q4,5,2011-07-08,2011Q3,0
"Daley, Richard M.",0.5mi,2007Q1,7,2011-07-08,2011Q3,0
"Daley, Richard M.",0.5mi,2007Q2,7,2011-07-08,2011Q3,0
"Daley, Richard M.",0.5mi,2007Q3,7,2011-07-08,2011Q3,0
"Daley, Richard M.",0.5mi,2007Q4,6,2011-07-08,2011Q3,0
"Daley, Richard M.",0.5mi,2008Q1,8,2011-07-08,2011Q3,0
"Daley, Richard M.",0.5mi,2008Q2,13,2011-07-08,2011Q3,0
"Daley, Richard M.",0.5mi,2008Q3,6,2011-07-08,2011Q3,0
"Daley, Richard M.",0.5mi,2008Q4,9,2011-07-08,2011Q3,0
"Daley, Richard M.",0.5mi,2009Q1,7,2011-07-08,2011Q3,0
"Daley, Richard M.",0.5mi,2009Q2,9,2011-07-08,2011Q3,0
"Daley, Richard M.",0.5mi,2009Q3,7,2011-07-08,2011Q3,0
"Daley, Richard M.",0.5mi,2009Q4,4,2011-07-08,2011Q3,0
"Daley, Richard M.",0.5mi,2010Q1,6,2011-07-08,2011Q3,0
"Daley, Richard M.",0.5mi,2010Q2,4,2011-07-08,2011Q3,0
"Daley, Richard M.",0.5mi,2010Q3,2,2011-07-08,2011Q3,0
"Daley, Richard M.",0.5mi,2010Q4,2,2011-07-08,2011Q3,0
"Daley, Richard M.",0.5mi,2011Q1,9,2011-07-08,2011Q3,0
"Daley, Richard M.",0.5mi,2011Q2,10,2011-07-08,2011Q3,0
"Daley, Richard M.",0.5mi,2011Q3,9,2011-07-08,2011Q3,1
"Daley, Richard M.",0.5mi,2011Q4,2,2011-07-08,2011Q3,1
"Daley, Richard M.",0.5mi,2012Q1,8,2011-07-08,2011Q3,1
"Daley, Richard M.",0.5mi,2012Q2,6,2011-07-08,2011Q3,1
"Daley, Richard M.",0.5mi,2012Q3,7,2011-07-08,2011Q3,1
"Daley, Richard M.",0.5mi,2012Q4,42,2011-07-08,2011Q3,1
"Daley, Richard M.",0.5mi,2013Q1,8,2011-07-08,2011Q3,1
"Daley, Richard M.",0.5mi,2013Q2,5,2011-07-08,2011Q3,1
"Daley, Richard M.",0.5mi,2013Q3,3,2011-07-08,2011Q3,1
"Daley, Richard M.",0.5mi,2013Q4,8,2011-07-08,2011Q3,1
"Daley, Richard M.",0.5mi,2014Q1,15,2011-07-08,2011Q3,1
"Daley, Richard M.",0.5mi,2014Q2,4,2011-07-08,2011Q3,1
"Daley, Richard M.",0.5mi,2014Q3,9,2011-07-08,2011Q3,1
"Daley, Richard M.",0.5mi,2014Q4,9,2011-07-08,2011Q3,1
"Daley, Richard M.",0.5mi,2015Q1,6,2011-07-08,2011Q3,1
"Daley, Richard M.",0.5mi,2015Q2,11,2011-07-08,2011Q3,1
"Daley, Richard M.",0.5mi,2015Q3,8,2011-07-08,2011Q3,1
"Daley, Richard M.",0.5mi,2015Q4,3,2011-07-08,2011Q3,1
"Daley, Richard M.",0.5mi,2016Q1,8,2011-07-08,2011Q3,1
"Daley, Richard M.",0.5mi,2016Q2,7,2011-07-08,2011Q3,1
"Daley, Richard M.",0.5mi,2016Q3,5,2011-07-08,2011Q3,1
"Daley, Richard M.",0.5mi,2016Q4,10,2011-07-08,2011Q3,1
"Daley, Richard M.",0.5mi,2017Q1,7,2011-07-08,2011Q3,1
"Daley, Richard M.",0.5mi,2017Q2,6,2011-07-08,2011Q3,1
"Daley, Richard M.",0.5mi,2017Q3,7,2011-07-08,2011Q3,1
"Daley, Richard M.",0.5mi,2017Q4,7,2011-07-08,2011Q3,1
"Daley, Richard M.",0.5mi,2018Q1,4,2011-07-08,2011Q3,1
"Daley, Richard M.",0.5mi,2018Q2,10,2011-07-08,2011Q3,1
"Daley, Richard M.",0.5mi,2018Q3,5,2011-07-08,2011Q3,1
"Daley, Richard M.",0.5mi,2018Q4,6,2011-07-08,2011Q3,1
"Daley, Richard M.",0.5mi,2019Q1,3,2011-07-08,2011Q3,1
"Daley, Richard M.",0.5mi,2019Q2,7,2011-07-08,2011Q3,1
"Daley, Richard M.",0.5mi,2019Q3,5,2011-07-08,2011Q3,1
"Daley, Richard M.",0.5mi,2019Q4,7,2011-07-08,2011Q3,1
"Daley, Richard M.",0.5mi,2020Q1,7,2011-07-08,2011Q3,1
"Daley, Richard M.",0.5mi,2020Q2,5,2011-07-08,2011Q3,1
"Daley, Richard M.",0.5mi,2020Q3,1,2011-07-08,2011Q3,1
"Daley, Richard M.",0.5mi,2020Q4,6,2011-07-08,2011Q3,1
"Daley, Richard M.",0.5mi,2021Q1,7,2011-07-08,2011Q3,1
"Daley, Richard M.",0.5mi,2021Q2,4,2011-07-08,2011Q3,1
"Daley, Richard M.",0.5mi,2021Q3,8,2011-07-08,2011Q3,1
"Daley, Richard M.",0.5mi,2021Q4,1,2011-07-08,2011Q3,1
"Daley, Richard M.",0.5mi,2022Q1,5,2011-07-08,2011Q3,1
"Daley, Richard M.",0.5mi,2022Q2,4,2011-07-08,2011Q3,1
"Daley, Richard M.",0.5mi,2022Q3,5,2011-07-08,2011Q3,1
"Daley, Richard M.",0.5mi,2022Q4,5,2011-07-08,2011Q3,1
"Daley, Richard M.",0.5mi,2023Q1,3,2011-07-08,2011Q3,1
"Daley, Richard M.",0.5mi,2023Q2,1,2011-07-08,2011Q3,1
"Daley, Richard M.",0.5mi,2023Q3,6,2011-07-08,2011Q3,1
"Daley, Richard M.",0.5mi,2023Q4,7,2011-07-08,2011Q3,1
"Daley, Richard M.",0.5mi,2024Q1,0,2011-07-08,2011Q3,1
"Daley, Richard M.",0.5mi,2024Q2,9,2011-07-08,2011Q3,1
"Daley, Richard M.",0.5mi,2024Q3,4,2011-07-08,2011Q3,1
"Daley, Richard M.",0.5mi,2024Q4,10,2011-07-08,2011Q3,1
"Daley, Richard M.",0.5mi,2025Q1,3,2011-07-08,2011Q3,1
"Daley, Richard M.",0.5mi,2025Q2,7,2011-07-08,2011Q3,1
"Daley, Richard M.",0.5mi,2025Q3,6,2011-07-08,2011Q3,1
"Daley, Richard M.",0.5mi,2025Q4,4,2011-07-08,2011Q3,1
"Daley, Richard M.",0.5mi,2026Q1,4,2011-07-08,2011Q3,1
"Daley, Richard M.",0.5mi,2026Q2,5,2011-07-08,2011Q3,1
West Loop,0.25mi,2005Q1,10,2019-01-17,2019Q1,0
West Loop,0.25mi,2005Q2,20,2019-01-17,2019Q1,0
West Loop,0.25mi,2005Q3,7,2019-01-17,2019Q1,0
West Loop,0.25mi,2005Q4,13,2019-01-17,2019Q1,0
West Loop,0.25mi,2006Q1,11,2019-01-17,2019Q1,0
West Loop,0.25mi,2006Q2,17,2019-01-17,2019Q1,0
West Loop,0.25mi,2006Q3,14,2019-01-17,2019Q1,0
West Loop,0.25mi,2006Q4,23,2019-01-17,2019Q1,0
West Loop,0.25mi,2007Q1,13,2019-01-17,2019Q1,0
West Loop,0.25mi,2007Q2,28,2019-01-17,2019Q1,0
West Loop,0.25mi,2007Q3,20,2019-01-17,2019Q1,0
West Loop,0.25mi,2007Q4,13,2019-01-17,2019Q1,0
West Loop,0.25mi,2008Q1,3,2019-01-17,2019Q1,0
West Loop,0.25mi,2008Q2,32,2019-01-17,2019Q1,0
West Loop,0.25mi,2008Q3,12,2019-01-17,2019Q1,0
West Loop,0.25mi,2008Q4,8,2019-01-17,2019Q1,0
West Loop,0.25mi,2009Q1,4,2019-01-17,2019Q1,0
West Loop,0.25mi,2009Q2,29,2019-01-17,2019Q1,0
West Loop,0.25mi,2009Q3,13,2019-01-17,2019Q1,0
West Loop,0.25mi,2009Q4,13,2019-01-17,2019Q1,0
West Loop,0.25mi,2010Q1,13,2019-01-17,2019Q1,0
West Loop,0.25mi,2010Q2,36,2019-01-17,2019Q1,0
West Loop,0.25mi,2010Q3,8,2019-01-17,2019Q1,0
West Loop,0.25mi,2010Q4,13,2019-01-17,2019Q1,0
West Loop,0.25mi,2011Q1,8,2019-01-17,2019Q1,0
West Loop,0.25mi,2011Q2,21,2019-01-17,2019Q1,0
West Loop,0.25mi,2011Q3,8,2019-01-17,2019Q1,0
West Loop,0.25mi,2011Q4,11,2019-01-17,2019Q1,0
West Loop,0.25mi,2012Q1,16,2019-01-17,2019Q1,0
West Loop,0.25mi,2012Q2,18,2019-01-17,2019Q1,0
West Loop,0.25mi,2012Q3,17,2019-01-17,2019Q1,0
West Loop,0.25mi,2012Q4,40,2019-01-17,2019Q1,0
West Loop,0.25mi,2013Q1,5,2019-01-17,2019Q1,0
West Loop,0.25mi,2013Q2,26,2019-01-17,2019Q1,0
West Loop,0.25mi,2013Q3,11,2019-01-17,2019Q1,0
West Loop,0.25mi,2013Q4,13,2019-01-17,2019Q1,0
West Loop,0.25mi,2014Q1,14,2019-01-17,2019Q1,0
West Loop,0.25mi,2014Q2,20,2019-01-17,2019Q1,0
West Loop,0.25mi,2014Q3,17,2019-01-17,2019Q1,0
West Loop,0.25mi,2014Q4,14,2019-01-17,2019Q1,0
West Loop,0.25mi,2015Q1,8,2019-01-17,2019Q1,0
West Loop,0.25mi,2015Q2,26,2019-01-17,2019Q1,0
West Loop,0.25mi,2015Q3,10,2019-01-17,2019Q1,0
West Loop,0.25mi,2015Q4,18,2019-01-17,2019Q1,0
West Loop,0.25mi,2016Q1,15,2019-01-17,2019Q1,0
West Loop,0.25mi,2016Q2,19,2019-01-17,2019Q1,0
West Loop,0.25mi,2016Q3,19,2019-01-17,2019Q1,0
West Loop,0.25mi,2016Q4,20,2019-01-17,2019Q1,0
West Loop,0.25mi,2017Q1,18,2019-01-17,2019Q1,0
West Loop,0.25mi,2017Q2,20,2019-01-17,2019Q1,0
West Loop,0.25mi,2017Q3,29,2019-01-17,2019Q1,0
West Loop,0.25mi,2017Q4,30,2019-01-17,2019Q1,0
West Loop,0.25mi,2018Q1,11,2019-01-17,2019Q1,0
West Loop,0.25mi,2018Q2,28,2019-01-17,2019Q1,0
West Loop,0.25mi,2018Q3,26,2019-01-17,2019Q1,0
West Loop,0.25mi,2018Q4,16,2019-01-17,2019Q1,0
West Loop,0.25mi,2019Q1,15,2019-01-17,2019Q1,1
West Loop,0.25mi,2019Q2,30,2019-01-17,2019Q1,1
West Loop,0.25mi,2019Q3,18,2019-01-17,2019Q1,1
West Loop,0.25mi,2019Q4,19,2019-01-17,2019Q1,1
West Loop,0.25mi,2020Q1,19,2019-01-17,2019Q1,1
West Loop,0.25mi,2020Q2,11,2019-01-17,2019Q1,1
West Loop,0.25mi,2020Q3,6,2019-01-17,2019Q1,1
West Loop,0.25mi,2020Q4,13,2019-01-17,2019Q1,1
West Loop,0.25mi,2021Q1,10,2019-01-17,2019Q1,1
West Loop,0.25mi,2021Q2,17,2019-01-17,2019Q1,1
West Loop,0.25mi,2021Q3,15,2019-01-17,2019Q1,1
West Loop,0.25mi,2021Q4,9,2019-01-17,2019Q1,1
West Loop,0.25mi,2022Q1,18,2019-01-17,2019Q1,1
West Loop,0.25mi,2022Q2,19,2019-01-17,2019Q1,1
West Loop,0.25mi,2022Q3,15,2019-01-17,2019Q1,1
West Loop,0.25mi,2022Q4,20,2019-01-17,2019Q1,1
West Loop,0.25mi,2023Q1,12,2019-01-17,2019Q1,1
West Loop,0.25mi,2023Q2,25,2019-01-17,2019Q1,1
West Loop,0.25mi,2023Q3,16,2019-01-17,2019Q1,1
West Loop,0.25mi,2023Q4,11,2019-01-17,2019Q1,1
West Loop,0.25mi,2024Q1,13,2019-01-17,2019Q1,1
West Loop,0.25mi,2024Q2,13,2019-01-17,2019Q1,1
West Loop,0.25mi,2024Q3,14,2019-01-17,2019Q1,1
West Loop,0.25mi,2024Q4,19,2019-01-17,2019Q1,1
West Loop,0.25mi,2025Q1,11,2019-01-17,2019Q1,1
West Loop,0.25mi,2025Q2,17,2019-01-17,2019Q1,1
West Loop,0.25mi,2025Q3,23,2019-01-17,2019Q1,1
West Loop,0.25mi,2025Q4,12,2019-01-17,2019Q1,1
West Loop,0.25mi,2026Q1,13,2019-01-17,2019Q1,1
West Loop,0.25mi,2026Q2,25,2019-01-17,2019Q1,1
West Loop,0.5mi,2005Q1,17,2019-01-17,2019Q1,0
West Loop,0.5mi,2005Q2,45,2019-01-17,2019Q1,0
West Loop,0.5mi,2005Q3,15,2019-01-17,2019Q1,0
West Loop,0.5mi,2005Q4,27,2019-01-17,2019Q1,0
West Loop,0.5mi,2006Q1,34,2019-01-17,2019Q1,0
West Loop,0.5mi,2006Q2,29,2019-01-17,2019Q1,0
West Loop,0.5mi,2006Q3,28,2019-01-17,2019Q1,0
West Loop,0.5mi,2006Q4,39,2019-01-17,2019Q1,0
West Loop,0.5mi,2007Q1,46,2019-01-17,2019Q1,0
West Loop,0.5mi,2007Q2,60,2019-01-17,2019Q1,0
West Loop,0.5mi,2007Q3,52,2019-01-17,2019Q1,0
West Loop,0.5mi,2007Q4,33,2019-01-17,2019Q1,0
West Loop,0.5mi,2008Q1,17,2019-01-17,2019Q1,0
West Loop,0.5mi,2008Q2,59,2019-01-17,2019Q1,0
West Loop,0.5mi,2008Q3,47,2019-01-17,2019Q1,0
West Loop,0.5mi,2008Q4,27,2019-01-17,2019Q1,0
West Loop,0.5mi,2009Q1,28,2019-01-17,2019Q1,0
West Loop,0.5mi,2009Q2,63,2019-01-17,2019Q1,0
West Loop,0.5mi,2009Q3,40,2019-01-17,2019Q1,0
West Loop,0.5mi,2009Q4,30,2019-01-17,2019Q1,0
West Loop,0.5mi,2010Q1,35,2019-01-17,2019Q1,0
West Loop,0.5mi,2010Q2,66,2019-01-17,2019Q1,0
West Loop,0.5mi,2010Q3,62,2019-01-17,2019Q1,0
West Loop,0.5mi,2010Q4,36,2019-01-17,2019Q1,0
West Loop,0.5mi,2011Q1,26,2019-01-17,2019Q1,0
West Loop,0.5mi,2011Q2,81,2019-01-17,2019Q1,0
West Loop,0.5mi,2011Q3,67,2019-01-17,2019Q1,0
West Loop,0.5mi,2011Q4,30,2019-01-17,2019Q1,0
West Loop,0.5mi,2012Q1,39,2019-01-17,2019Q1,0
West Loop,0.5mi,2012Q2,77,2019-01-17,2019Q1,0
West Loop,0.5mi,2012Q3,86,2019-01-17,2019Q1,0
West Loop,0.5mi,2012Q4,121,2019-01-17,2019Q1,0
West Loop,0.5mi,2013Q1,25,2019-01-17,2019Q1,0
West Loop,0.5mi,2013Q2,86,2019-01-17,2019Q1,0
West Loop,0.5mi,2013Q3,57,2019-01-17,2019Q1,0
West Loop,0.5mi,2013Q4,40,2019-01-17,2019Q1,0
West Loop,0.5mi,2014Q1,34,2019-01-17,2019Q1,0
West Loop,0.5mi,2014Q2,70,2019-01-17,2019Q1,0
West Loop,0.5mi,2014Q3,108,2019-01-17,2019Q1,0
West Loop,0.5mi,2014Q4,37,2019-01-17,2019Q1,0
West Loop,0.5mi,2015Q1,39,2019-01-17,2019Q1,0
West Loop,0.5mi,2015Q2,74,2019-01-17,2019Q1,0
West Loop,0.5mi,2015Q3,65,2019-01-17,2019Q1,0
West Loop,0.5mi,2015Q4,43,2019-01-17,2019Q1,0
West Loop,0.5mi,2016Q1,37,2019-01-17,2019Q1,0
West Loop,0.5mi,2016Q2,87,2019-01-17,2019Q1,0
West Loop,0.5mi,2016Q3,90,2019-01-17,2019Q1,0
West Loop,0.5mi,2016Q4,45,2019-01-17,2019Q1,0
West Loop,0.5mi,2017Q1,35,2019-01-17,2019Q1,0
West Loop,0.5mi,2017Q2,70,2019-01-17,2019Q1,0
West Loop,0.5mi,2017Q3,79,2019-01-17,2019Q1,0
West Loop,0.5mi,2017Q4,64,2019-01-17,2019Q1,0
West Loop,0.5mi,2018Q1,30,2019-01-17,2019Q1,0
West Loop,0.5mi,2018Q2,82,2019-01-17,2019Q1,0
West Loop,0.5mi,2018Q3,63,2019-01-17,2019Q1,0
West Loop,0.5mi,2018Q4,38,2019-01-17,2019Q1,0
West Loop,0.5mi,2019Q1,45,2019-01-17,2019Q1,1
West Loop,0.5mi,2019Q2,68,2019-01-17,2019Q1,1
West Loop,0.5mi,2019Q3,50,2019-01-17,2019Q1,1
West Loop,0.5mi,2019Q4,56,2019-01-17,2019Q1,1
West Loop,0.5mi,2020Q1,40,2019-01-17,2019Q1,1
West Loop,0.5mi,2020Q2,36,2019-01-17,2019Q1,1
West Loop,0.5mi,2020Q3,46,2019-01-17,2019Q1,1
West Loop,0.5mi,2020Q4,33,2019-01-17,2019Q1,1
West Loop,0.5mi,2021Q1,31,2019-01-17,2019Q1,1
West Loop,0.5mi,2021Q2,59,2019-01-17,2019Q1,1
West Loop,0.5mi,2021Q3,57,2019-01-17,2019Q1,1
West Loop,0.5mi,2021Q4,34,2019-01-17,2019Q1,1
West Loop,0.5mi,2022Q1,56,2019-01-17,2019Q1,1
West Loop,0.5mi,2022Q2,57,2019-01-17,2019Q1,1
West Loop,0.5mi,2022Q3,65,2019-01-17,2019Q1,1
West Loop,0.5mi,2022Q4,48,2019-01-17,2019Q1,1
West Loop,0.5mi,2023Q1,51,2019-01-17,2019Q1,1
West Loop,0.5mi,2023Q2,64,2019-01-17,2019Q1,1
West Loop,0.5mi,2023Q3,47,2019-01-17,2019Q1,1
West Loop,0.5mi,2023Q4,42,2019-01-17,2019Q1,1
West Loop,0.5mi,2024Q1,38,2019-01-17,2019Q1,1
West Loop,0.5mi,2024Q2,33,2019-01-17,2019Q1,1
West Loop,0.5mi,2024Q3,36,2019-01-17,2019Q1,1
West Loop,0.5mi,2024Q4,38,2019-01-17,2019Q1,1
West Loop,0.5mi,2025Q1,29,2019-01-17,2019Q1,1
West Loop,0.5mi,2025Q2,40,2019-01-17,2019Q1,1
West Loop,0.5mi,2025Q3,64,2019-01-17,2019Q1,1
West Loop,0.5mi,2025Q4,25,2019-01-17,2019Q1,1
West Loop,0.5mi,2026Q1,28,2019-01-17,2019Q1,1
West Loop,0.5mi,2026Q2,55,2019-01-17,2019Q1,1
Independence,0.25mi,2005Q1,4,2019-01-22,2019Q1,0
Independence,0.25mi,2005Q2,8,2019-01-22,2019Q1,0
Independence,0.25mi,2005Q3,1,2019-01-22,2019Q1,0
Independence,0.25mi,2005Q4,4,2019-01-22,2019Q1,0
Independence,0.25mi,2006Q1,8,2019-01-22,2019Q1,0
Independence,0.25mi,2006Q2,2,2019-01-22,2019Q1,0
Independence,0.25mi,2006Q3,4,2019-01-22,2019Q1,0
Independence,0.25mi,2006Q4,2,2019-01-22,2019Q1,0
Independence,0.25mi,2007Q1,9,2019-01-22,2019Q1,0
Independence,0.25mi,2007Q2,6,2019-01-22,2019Q1,0
Independence,0.25mi,2007Q3,2,2019-01-22,2019Q1,0
Independence,0.25mi,2007Q4,1,2019-01-22,2019Q1,0
Independence,0.25mi,2008Q1,4,2019-01-22,2019Q1,0
Independence,0.25mi,2008Q2,4,2019-01-22,2019Q1,0
Independence,0.25mi,2008Q3,1,2019-01-22,2019Q1,0
Independence,0.25mi,2008Q4,3,2019-01-22,2019Q1,0
Independence,0.25mi,2009Q1,5,2019-01-22,2019Q1,0
Independence,0.25mi,2009Q2,8,2019-01-22,2019Q1,0
Independence,0.25mi,2009Q3,4,2019-01-22,2019Q1,0
Independence,0.25mi,2009Q4,7,2019-01-22,2019Q1,0
Independence,0.25mi,2010Q1,5,2019-01-22,2019Q1,0
Independence,0.25mi,2010Q2,5,2019-01-22,2019Q1,0
Independence,0.25mi,2010Q3,2,2019-01-22,2019Q1,0
Independence,0.25mi,2010Q4,5,2019-01-22,2019Q1,0
Independence,0.25mi,2011Q1,10,2019-01-22,2019Q1,0
Independence,0.25mi,2011Q2,9,2019-01-22,2019Q1,0
Independence,0.25mi,2011Q3,4,2019-01-22,2019Q1,0
Independence,0.25mi,2011Q4,6,2019-01-22,2019Q1,0
Independence,0.25mi,2012Q1,8,2019-01-22,2019Q1,0
Independence,0.25mi,2012Q2,5,2019-01-22,2019Q1,0
Independence,0.25mi,2012Q3,3,2019-01-22,2019Q1,0
Independence,0.25mi,2012Q4,43,2019-01-22,2019Q1,0
Independence,0.25mi,2013Q1,5,2019-01-22,2019Q1,0
Independence,0.25mi,2013Q2,3,2019-01-22,2019Q1,0
Independence,0.25mi,2013Q3,0,2019-01-22,2019Q1,0
Independence,0.25mi,2013Q4,0,2019-01-22,2019Q1,0
Independence,0.25mi,2014Q1,7,2019-01-22,2019Q1,0
Independence,0.25mi,2014Q2,0,2019-01-22,2019Q1,0
Independence,0.25mi,2014Q3,1,2019-01-22,2019Q1,0
Independence,0.25mi,2014Q4,10,2019-01-22,2019Q1,0
Independence,0.25mi,2015Q1,1,2019-01-22,2019Q1,0
Independence,0.25mi,2015Q2,4,2019-01-22,2019Q1,0
Independence,0.25mi,2015Q3,3,2019-01-22,2019Q1,0
Independence,0.25mi,2015Q4,1,2019-01-22,2019Q1,0
Independence,0.25mi,2016Q1,3,2019-01-22,2019Q1,0
Independence,0.25mi,2016Q2,4,2019-01-22,2019Q1,0
Independence,0.25mi,2016Q3,0,2019-01-22,2019Q1,0
Independence,0.25mi,2016Q4,3,2019-01-22,2019Q1,0
Independence,0.25mi,2017Q1,1,2019-01-22,2019Q1,0
Independence,0.25mi,2017Q2,5,2019-01-22,2019Q1,0
Independence,0.25mi,2017Q3,1,2019-01-22,2019Q1,0
Independence,0.25mi,2017Q4,5,2019-01-22,2019Q1,0
Independence,0.25mi,2018Q1,0,2019-01-22,2019Q1,0
Independence,0.25mi,2018Q2,4,2019-01-22,2019Q1,0
Independence,0.25mi,2018Q3,2,2019-01-22,2019Q1,0
Independence,0.25mi,2018Q4,5,2019-01-22,2019Q1,0
Independence,0.25mi,2019Q1,3,2019-01-22,2019Q1,1
Independence,0.25mi,2019Q2,1,2019-01-22,2019Q1,1
Independence,0.25mi,2019Q3,3,2019-01-22,2019Q1,1
Independence,0.25mi,2019Q4,1,2019-01-22,2019Q1,1
Independence,0.25mi,2020Q1,1,2019-01-22,2019Q1,1
Independence,0.25mi,2020Q2,3,2019-01-22,2019Q1,1
Independence,0.25mi,2020Q3,4,2019-01-22,2019Q1,1
Independence,0.25mi,2020Q4,3,2019-01-22,2019Q1,1
Independence,0.25mi,2021Q1,2,2019-01-22,2019Q1,1
Independence,0.25mi,2021Q2,2,2019-01-22,2019Q1,1
Independence,0.25mi,2021Q3,1,2019-01-22,2019Q1,1
Independence,0.25mi,2021Q4,0,2019-01-22,2019Q1,1
Independence,0.25mi,2022Q1,5,2019-01-22,2019Q1,1
Independence,0.25mi,2022Q2,3,2019-01-22,2019Q1,1
Independence,0.25mi,2022Q3,1,2019-01-22,2019Q1,1
Independence,0.25mi,2022Q4,1,2019-01-22,2019Q1,1
Independence,0.25mi,2023Q1,3,2019-01-22,2019Q1,1
Independence,0.25mi,2023Q2,5,2019-01-22,2019Q1,1
Independence,0.25mi,2023Q3,2,2019-01-22,2019Q1,1
Independence,0.25mi,2023Q4,4,2019-01-22,2019Q1,1
Independence,0.25mi,2024Q1,0,2019-01-22,2019Q1,1
Independence,0.25mi,2024Q2,8,2019-01-22,2019Q1,1
Independence,0.25mi,2024Q3,1,2019-01-22,2019Q1,1
Independence,0.25mi,2024Q4,0,2019-01-22,2019Q1,1
Independence,0.25mi,2025Q1,2,2019-01-22,2019Q1,1
Independence,0.25mi,2025Q2,4,2019-01-22,2019Q1,1
Independence,0.25mi,2025Q3,2,2019-01-22,2019Q1,1
Independence,0.25mi,2025Q4,1,2019-01-22,2019Q1,1
Independence,0.25mi,2026Q1,1,2019-01-22,2019Q1,1
Independence,0.25mi,2026Q2,4,2019-01-22,2019Q1,1
Independence,0.5mi,2005Q1,14,2019-01-22,2019Q1,0
Independence,0.5mi,2005Q2,20,2019-01-22,2019Q1,0
Independence,0.5mi,2005Q3,18,2019-01-22,2019Q1,0
Independence,0.5mi,2005Q4,15,2019-01-22,2019Q1,0
Independence,0.5mi,2006Q1,18,2019-01-22,2019Q1,0
Independence,0.5mi,2006Q2,19,2019-01-22,2019Q1,0
Independence,0.5mi,2006Q3,27,2019-01-22,2019Q1,0
Independence,0.5mi,2006Q4,9,2019-01-22,2019Q1,0
Independence,0.5mi,2007Q1,16,2019-01-22,2019Q1,0
Independence,0.5mi,2007Q2,11,2019-01-22,2019Q1,0
Independence,0.5mi,2007Q3,13,2019-01-22,2019Q1,0
Independence,0.5mi,2007Q4,9,2019-01-22,2019Q1,0
Independence,0.5mi,2008Q1,10,2019-01-22,2019Q1,0
Independence,0.5mi,2008Q2,21,2019-01-22,2019Q1,0
Independence,0.5mi,2008Q3,8,2019-01-22,2019Q1,0
Independence,0.5mi,2008Q4,9,2019-01-22,2019Q1,0
Independence,0.5mi,2009Q1,14,2019-01-22,2019Q1,0
Independence,0.5mi,2009Q2,21,2019-01-22,2019Q1,0
Independence,0.5mi,2009Q3,11,2019-01-22,2019Q1,0
Independence,0.5mi,2009Q4,16,2019-01-22,2019Q1,0
Independence,0.5mi,2010Q1,22,2019-01-22,2019Q1,0
Independence,0.5mi,2010Q2,14,2019-01-22,2019Q1,0
Independence,0.5mi,2010Q3,9,2019-01-22,2019Q1,0
Independence,0.5mi,2010Q4,14,2019-01-22,2019Q1,0
Independence,0.5mi,2011Q1,20,2019-01-22,2019Q1,0
Independence,0.5mi,2011Q2,25,2019-01-22,2019Q1,0
Independence,0.5mi,2011Q3,21,2019-01-22,2019Q1,0
Independence,0.5mi,2011Q4,16,2019-01-22,2019Q1,0
Independence,0.5mi,2012Q1,16,2019-01-22,2019Q1,0
Independence,0.5mi,2012Q2,31,2019-01-22,2019Q1,0
Independence,0.5mi,2012Q3,13,2019-01-22,2019Q1,0
Independence,0.5mi,2012Q4,136,2019-01-22,2019Q1,0
Independence,0.5mi,2013Q1,12,2019-01-22,2019Q1,0
Independence,0.5mi,2013Q2,10,2019-01-22,2019Q1,0
Independence,0.5mi,2013Q3,13,2019-01-22,2019Q1,0
Independence,0.5mi,2013Q4,4,2019-01-22,2019Q1,0
Independence,0.5mi,2014Q1,18,2019-01-22,2019Q1,0
Independence,0.5mi,2014Q2,9,2019-01-22,2019Q1,0
Independence,0.5mi,2014Q3,7,2019-01-22,2019Q1,0
Independence,0.5mi,2014Q4,18,2019-01-22,2019Q1,0
Independence,0.5mi,2015Q1,6,2019-01-22,2019Q1,0
Independence,0.5mi,2015Q2,16,2019-01-22,2019Q1,0
Independence,0.5mi,2015Q3,10,2019-01-22,2019Q1,0
Independence,0.5mi,2015Q4,7,2019-01-22,2019Q1,0
Independence,0.5mi,2016Q1,7,2019-01-22,2019Q1,0
Independence,0.5mi,2016Q2,14,2019-01-22,2019Q1,0
Independence,0.5mi,2016Q3,5,2019-01-22,2019Q1,0
Independence,0.5mi,2016Q4,10,2019-01-22,2019Q1,0
Independence,0.5mi,2017Q1,13,2019-01-22,2019Q1,0
Independence,0.5mi,2017Q2,13,2019-01-22,2019Q1,0
Independence,0.5mi,2017Q3,5,2019-01-22,2019Q1,0
Independence,0.5mi,2017Q4,9,2019-01-22,2019Q1,0
Independence,0.5mi,2018Q1,2,2019-01-22,2019Q1,0
Independence,0.5mi,2018Q2,10,2019-01-22,2019Q1,0
Independence,0.5mi,2018Q3,7,2019-01-22,2019Q1,0
Independence,0.5mi,2018Q4,12,2019-01-22,2019Q1,0
Independence,0.5mi,2019Q1,6,2019-01-22,2019Q1,1
Independence,0.5mi,2019Q2,8,2019-01-22,2019Q1,1
Independence,0.5mi,2019Q3,6,2019-01-22,2019Q1,1
Independence,0.5mi,2019Q4,8,2019-01-22,2019Q1,1
Independence,0.5mi,2020Q1,9,2019-01-22,2019Q1,1
Independence,0.5mi,2020Q2,6,2019-01-22,2019Q1,1
Independence,0.5mi,2020Q3,8,2019-01-22,2019Q1,1
Independence,0.5mi,2020Q4,5,2019-01-22,2019Q1,1
Independence,0.5mi,2021Q1,9,2019-01-22,2019Q1,1
Independence,0.5mi,2021Q2,6,2019-01-22,2019Q1,1
Independence,0.5mi,2021Q3,8,2019-01-22,2019Q1,1
Independence,0.5mi,2021Q4,3,2019-01-22,2019Q1,1
Independence,0.5mi,2022Q1,9,2019-01-22,2019Q1,1
Independence,0.5mi,2022Q2,9,2019-01-22,2019Q1,1
Independence,0.5mi,2022Q3,4,2019-01-22,2019Q1,1
Independence,0.5mi,2022Q4,5,2019-01-22,2019Q1,1
Independence,0.5mi,2023Q1,10,2019-01-22,2019Q1,1
Independence,0.5mi,2023Q2,10,2019-01-22,2019Q1,1
Independence,0.5mi,2023Q3,8,2019-01-22,2019Q1,1
Independence,0.5mi,2023Q4,9,2019-01-22,2019Q1,1
Independence,0.5mi,2024Q1,2,2019-01-22,2019Q1,1
Independence,0.5mi,2024Q2,13,2019-01-22,2019Q1,1
Independence,0.5mi,2024Q3,5,2019-01-22,2019Q1,1
Independence,0.5mi,2024Q4,5,2019-01-22,2019Q1,1
Independence,0.5mi,2025Q1,10,2019-01-22,2019Q1,1
Independence,0.5mi,2025Q2,13,2019-01-22,2019Q1,1
Independence,0.5mi,2025Q3,8,2019-01-22,2019Q1,1
Independence,0.5mi,2025Q4,10,2019-01-22,2019Q1,1
Independence,0.5mi,2026Q1,5,2019-01-22,2019Q1,1
Independence,0.5mi,2026Q2,8,2019-01-22,2019Q1,1
Little Italy,0.25mi,2005Q1,4,2019-01-22,2019Q1,0
Little Italy,0.25mi,2005Q2,4,2019-01-22,2019Q1,0
Little Italy,0.25mi,2005Q3,1,2019-01-22,2019Q1,0
Little Italy,0.25mi,2005Q4,0,2019-01-22,2019Q1,0
Little Italy,0.25mi,2006Q1,4,2019-01-22,2019Q1,0
Little Italy,0.25mi,2006Q2,1,2019-01-22,2019Q1,0
Little Italy,0.25mi,2006Q3,5,2019-01-22,2019Q1,0
Little Italy,0.25mi,2006Q4,3,2019-01-22,2019Q1,0
Little Italy,0.25mi,2007Q1,5,2019-01-22,2019Q1,0
Little Italy,0.25mi,2007Q2,3,2019-01-22,2019Q1,0
Little Italy,0.25mi,2007Q3,16,2019-01-22,2019Q1,0
Little Italy,0.25mi,2007Q4,4,2019-01-22,2019Q1,0
Little Italy,0.25mi,2008Q1,6,2019-01-22,2019Q1,0
Little Italy,0.25mi,2008Q2,8,2019-01-22,2019Q1,0
Little Italy,0.25mi,2008Q3,2,2019-01-22,2019Q1,0
Little Italy,0.25mi,2008Q4,6,2019-01-22,2019Q1,0
Little Italy,0.25mi,2009Q1,5,2019-01-22,2019Q1,0
Little Italy,0.25mi,2009Q2,0,2019-01-22,2019Q1,0
Little Italy,0.25mi,2009Q3,10,2019-01-22,2019Q1,0
Little Italy,0.25mi,2009Q4,0,2019-01-22,2019Q1,0
Little Italy,0.25mi,2010Q1,4,2019-01-22,2019Q1,0
Little Italy,0.25mi,2010Q2,1,2019-01-22,2019Q1,0
Little Italy,0.25mi,2010Q3,10,2019-01-22,2019Q1,0
Little Italy,0.25mi,2010Q4,4,2019-01-22,2019Q1,0
Little Italy,0.25mi,2011Q1,1,2019-01-22,2019Q1,0
Little Italy,0.25mi,2011Q2,8,2019-01-22,2019Q1,0
Little Italy,0.25mi,2011Q3,5,2019-01-22,2019Q1,0
Little Italy,0.25mi,2011Q4,4,2019-01-22,2019Q1,0
Little Italy,0.25mi,2012Q1,1,2019-01-22,2019Q1,0
Little Italy,0.25mi,2012Q2,3,2019-01-22,2019Q1,0
Little Italy,0.25mi,2012Q3,22,2019-01-22,2019Q1,0
Little Italy,0.25mi,2012Q4,12,2019-01-22,2019Q1,0
Little Italy,0.25mi,2013Q1,0,2019-01-22,2019Q1,0
Little Italy,0.25mi,2013Q2,3,2019-01-22,2019Q1,0
Little Italy,0.25mi,2013Q3,27,2019-01-22,2019Q1,0
Little Italy,0.25mi,2013Q4,2,2019-01-22,2019Q1,0
Little Italy,0.25mi,2014Q1,0,2019-01-22,2019Q1,0
Little Italy,0.25mi,2014Q2,5,2019-01-22,2019Q1,0
Little Italy,0.25mi,2014Q3,28,2019-01-22,2019Q1,0
Little Italy,0.25mi,2014Q4,6,2019-01-22,2019Q1,0
Little Italy,0.25mi,2015Q1,4,2019-01-22,2019Q1,0
Little Italy,0.25mi,2015Q2,8,2019-01-22,2019Q1,0
Little Italy,0.25mi,2015Q3,33,2019-01-22,2019Q1,0
Little Italy,0.25mi,2015Q4,4,2019-01-22,2019Q1,0
Little Italy,0.25mi,2016Q1,0,2019-01-22,2019Q1,0
Little Italy,0.25mi,2016Q2,6,2019-01-22,2019Q1,0
Little Italy,0.25mi,2016Q3,32,2019-01-22,2019Q1,0
Little Italy,0.25mi,2016Q4,5,2019-01-22,2019Q1,0
Little Italy,0.25mi,2017Q1,0,2019-01-22,2019Q1,0
Little Italy,0.25mi,2017Q2,3,2019-01-22,2019Q1,0
Little Italy,0.25mi,2017Q3,1,2019-01-22,2019Q1,0
Little Italy,0.25mi,2017Q4,3,2019-01-22,2019Q1,0
Little Italy,0.25mi,2018Q1,2,2019-01-22,2019Q1,0
Little Italy,0.25mi,2018Q2,2,2019-01-22,2019Q1,0
Little Italy,0.25mi,2018Q3,9,2019-01-22,2019Q1,0
Little Italy,0.25mi,2018Q4,4,2019-01-22,2019Q1,0
Little Italy,0.25mi,2019Q1,1,2019-01-22,2019Q1,1
Little Italy,0.25mi,2019Q2,4,2019-01-22,2019Q1,1
Little Italy,0.25mi,2019Q3,31,2019-01-22,2019Q1,1
Little Italy,0.25mi,2019Q4,3,2019-01-22,2019Q1,1
Little Italy,0.25mi,2020Q1,3,2019-01-22,2019Q1,1
Little Italy,0.25mi,2020Q2,6,2019-01-22,2019Q1,1
Little Italy,0.25mi,2020Q3,5,2019-01-22,2019Q1,1
Little Italy,0.25mi,2020Q4,2,2019-01-22,2019Q1,1
Little Italy,0.25mi,2021Q1,2,2019-01-22,2019Q1,1
Little Italy,0.25mi,2021Q2,1,2019-01-22,2019Q1,1
Little Italy,0.25mi,2021Q3,6,2019-01-22,2019Q1,1
Little Italy,0.25mi,2021Q4,8,2019-01-22,2019Q1,1
Little Italy,0.25mi,2022Q1,1,2019-01-22,2019Q1,1
Little Italy,0.25mi,2022Q2,4,2019-01-22,2019Q1,1
Little Italy,0.25mi,2022Q3,7,2019-01-22,2019Q1,1
Little Italy,0.25mi,2022Q4,0,2019-01-22,2019Q1,1
Little Italy,0.25mi,2023Q1,3,2019-01-22,2019Q1,1
Little Italy,0.25mi,2023Q2,7,2019-01-22,2019Q1,1
Little Italy,0.25mi,2023Q3,14,2019-01-22,2019Q1,1
Little Italy,0.25mi,2023Q4,3,2019-01-22,2019Q1,1
Little Italy,0.25mi,2024Q1,0,2019-01-22,2019Q1,1
Little Italy,0.25mi,2024Q2,4,2019-01-22,2019Q1,1
Little Italy,0.25mi,2024Q3,5,2019-01-22,2019Q1,1
Little Italy,0.25mi,2024Q4,0,2019-01-22,2019Q1,1
Little Italy,0.25mi,2025Q1,1,2019-01-22,2019Q1,1
Little Italy,0.25mi,2025Q2,3,2019-01-22,2019Q1,1
Little Italy,0.25mi,2025Q3,6,2019-01-22,2019Q1,1
Little Italy,0.25mi,2025Q4,3,2019-01-22,2019Q1,1
Little Italy,0.25mi,2026Q1,3,2019-01-22,2019Q1,1
Little Italy,0.25mi,2026Q2,3,2019-01-22,2019Q1,1
Little Italy,0.5mi,2005Q1,10,2019-01-22,2019Q1,0
Little Italy,0.5mi,2005Q2,6,2019-01-22,2019Q1,0
Little Italy,0.5mi,2005Q3,5,2019-01-22,2019Q1,0
Little Italy,0.5mi,2005Q4,2,2019-01-22,2019Q1,0
Little Italy,0.5mi,2006Q1,7,2019-01-22,2019Q1,0
Little Italy,0.5mi,2006Q2,8,2019-01-22,2019Q1,0
Little Italy,0.5mi,2006Q3,11,2019-01-22,2019Q1,0
Little Italy,0.5mi,2006Q4,4,2019-01-22,2019Q1,0
Little Italy,0.5mi,2007Q1,9,2019-01-22,2019Q1,0
Little Italy,0.5mi,2007Q2,5,2019-01-22,2019Q1,0
Little Italy,0.5mi,2007Q3,21,2019-01-22,2019Q1,0
Little Italy,0.5mi,2007Q4,6,2019-01-22,2019Q1,0
Little Italy,0.5mi,2008Q1,8,2019-01-22,2019Q1,0
Little Italy,0.5mi,2008Q2,10,2019-01-22,2019Q1,0
Little Italy,0.5mi,2008Q3,7,2019-01-22,2019Q1,0
Little Italy,0.5mi,2008Q4,7,2019-01-22,2019Q1,0
Little Italy,0.5mi,2009Q1,11,2019-01-22,2019Q1,0
Little Italy,0.5mi,2009Q2,3,2019-01-22,2019Q1,0
Little Italy,0.5mi,2009Q3,10,2019-01-22,2019Q1,0
Little Italy,0.5mi,2009Q4,4,2019-01-22,2019Q1,0
Little Italy,0.5mi,2010Q1,6,2019-01-22,2019Q1,0
Little Italy,0.5mi,2010Q2,7,2019-01-22,2019Q1,0
Little Italy,0.5mi,2010Q3,23,2019-01-22,2019Q1,0
Little Italy,0.5mi,2010Q4,7,2019-01-22,2019Q1,0
Little Italy,0.5mi,2011Q1,4,2019-01-22,2019Q1,0
Little Italy,0.5mi,2011Q2,11,2019-01-22,2019Q1,0
Little Italy,0.5mi,2011Q3,26,2019-01-22,2019Q1,0
Little Italy,0.5mi,2011Q4,7,2019-01-22,2019Q1,0
Little Italy,0.5mi,2012Q1,7,2019-01-22,2019Q1,0
Little Italy,0.5mi,2012Q2,5,2019-01-22,2019Q1,0
Little Italy,0.5mi,2012Q3,25,2019-01-22,2019Q1,0
Little Italy,0.5mi,2012Q4,29,2019-01-22,2019Q1,0
Little Italy,0.5mi,2013Q1,2,2019-01-22,2019Q1,0
Little Italy,0.5mi,2013Q2,4,2019-01-22,2019Q1,0
Little Italy,0.5mi,2013Q3,30,2019-01-22,2019Q1,0
Little Italy,0.5mi,2013Q4,5,2019-01-22,2019Q1,0
Little Italy,0.5mi,2014Q1,2,2019-01-22,2019Q1,0
Little Italy,0.5mi,2014Q2,9,2019-01-22,2019Q1,0
Little Italy,0.5mi,2014Q3,36,2019-01-22,2019Q1,0
Little Italy,0.5mi,2014Q4,9,2019-01-22,2019Q1,0
Little Italy,0.5mi,2015Q1,8,2019-01-22,2019Q1,0
Little Italy,0.5mi,2015Q2,21,2019-01-22,2019Q1,0
Little Italy,0.5mi,2015Q3,40,2019-01-22,2019Q1,0
Little Italy,0.5mi,2015Q4,5,2019-01-22,2019Q1,0
Little Italy,0.5mi,2016Q1,1,2019-01-22,2019Q1,0
Little Italy,0.5mi,2016Q2,10,2019-01-22,2019Q1,0
Little Italy,0.5mi,2016Q3,39,2019-01-22,2019Q1,0
Little Italy,0.5mi,2016Q4,7,2019-01-22,2019Q1,0
Little Italy,0.5mi,2017Q1,2,2019-01-22,2019Q1,0
Little Italy,0.5mi,2017Q2,9,2019-01-22,2019Q1,0
Little Italy,0.5mi,2017Q3,23,2019-01-22,2019Q1,0
Little Italy,0.5mi,2017Q4,7,2019-01-22,2019Q1,0
Little Italy,0.5mi,2018Q1,5,2019-01-22,2019Q1,0
Little Italy,0.5mi,2018Q2,6,2019-01-22,2019Q1,0
Little Italy,0.5mi,2018Q3,34,2019-01-22,2019Q1,0
Little Italy,0.5mi,2018Q4,8,2019-01-22,2019Q1,0
Little Italy,0.5mi,2019Q1,5,2019-01-22,2019Q1,1
Little Italy,0.5mi,2019Q2,9,2019-01-22,2019Q1,1
Little Italy,0.5mi,2019Q3,37,2019-01-22,2019Q1,1
Little Italy,0.5mi,2019Q4,4,2019-01-22,2019Q1,1
Little Italy,0.5mi,2020Q1,5,2019-01-22,2019Q1,1
Little Italy,0.5mi,2020Q2,12,2019-01-22,2019Q1,1
Little Italy,0.5mi,2020Q3,8,2019-01-22,2019Q1,1
Little Italy,0.5mi,2020Q4,5,2019-01-22,2019Q1,1
Little Italy,0.5mi,2021Q1,2,2019-01-22,2019Q1,1
Little Italy,0.5mi,2021Q2,2,2019-01-22,2019Q1,1
Little Italy,0.5mi,2021Q3,10,2019-01-22,2019Q1,1
Little Italy,0.5mi,2021Q4,11,2019-01-22,2019Q1,1
Little Italy,0.5mi,2022Q1,2,2019-01-22,2019Q1,1
Little Italy,0.5mi,2022Q2,9,2019-01-22,2019Q1,1
Little Italy,0.5mi,2022Q3,9,2019-01-22,2019Q1,1
Little Italy,0.5mi,2022Q4,7,2019-01-22,2019Q1,1
Little Italy,0.5mi,2023Q1,3,2019-01-22,2019Q1,1
Little Italy,0.5mi,2023Q2,8,2019-01-22,2019Q1,1
Little Italy,0.5mi,2023Q3,18,2019-01-22,2019Q1,1
Little Italy,0.5mi,2023Q4,5,2019-01-22,2019Q1,1
Little Italy,0.5mi,2024Q1,2,2019-01-22,2019Q1,1
Little Italy,0.5mi,2024Q2,5,2019-01-22,2019Q1,1
Little Italy,0.5mi,2024Q3,10,2019-01-22,2019Q1,1
Little Italy,0.5mi,2024Q4,4,2019-01-22,2019Q1,1
Little Italy,0.5mi,2025Q1,4,2019-01-22,2019Q1,1
Little Italy,0.5mi,2025Q2,7,2019-01-22,2019Q1,1
Little Italy,0.5mi,2025Q3,10,2019-01-22,2019Q1,1
Little Italy,0.5mi,2025Q4,6,2019-01-22,2019Q1,1
Little Italy,0.5mi,2026Q1,4,2019-01-22,2019Q1,1
Little Italy,0.5mi,2026Q2,5,2019-01-22,2019Q1,1
Northtown,0.25mi,2005Q1,1,2019-03-05,2019Q1,0
Northtown,0.25mi,2005Q2,1,2019-03-05,2019Q1,0
Northtown,0.25mi,2005Q3,0,2019-03-05,2019Q1,0
Northtown,0.25mi,2005Q4,4,2019-03-05,2019Q1,0
Northtown,0.25mi,2006Q1,3,2019-03-05,2019Q1,0
Northtown,0.25mi,2006Q2,2,2019-03-05,2019Q1,0
Northtown,0.25mi,2006Q3,2,2019-03-05,2019Q1,0
Northtown,0.25mi,2006Q4,4,2019-03-05,2019Q1,0
Northtown,0.25mi,2007Q1,2,2019-03-05,2019Q1,0
Northtown,0.25mi,2007Q2,1,2019-03-05,2019Q1,0
Northtown,0.25mi,2007Q3,0,2019-03-05,2019Q1,0
Northtown,0.25mi,2007Q4,2,2019-03-05,2019Q1,0
Northtown,0.25mi,2008Q1,1,2019-03-05,2019Q1,0
Northtown,0.25mi,2008Q2,7,2019-03-05,2019Q1,0
Northtown,0.25mi,2008Q3,1,2019-03-05,2019Q1,0
Northtown,0.25mi,2008Q4,1,2019-03-05,2019Q1,0
Northtown,0.25mi,2009Q1,0,2019-03-05,2019Q1,0
Northtown,0.25mi,2009Q2,2,2019-03-05,2019Q1,0
Northtown,0.25mi,2009Q3,5,2019-03-05,2019Q1,0
Northtown,0.25mi,2009Q4,1,2019-03-05,2019Q1,0
Northtown,0.25mi,2010Q1,1,2019-03-05,2019Q1,0
Northtown,0.25mi,2010Q2,0,2019-03-05,2019Q1,0
Northtown,0.25mi,2010Q3,4,2019-03-05,2019Q1,0
Northtown,0.25mi,2010Q4,3,2019-03-05,2019Q1,0
Northtown,0.25mi,2011Q1,2,2019-03-05,2019Q1,0
Northtown,0.25mi,2011Q2,1,2019-03-05,2019Q1,0
Northtown,0.25mi,2011Q3,3,2019-03-05,2019Q1,0
Northtown,0.25mi,2011Q4,2,2019-03-05,2019Q1,0
Northtown,0.25mi,2012Q1,2,2019-03-05,2019Q1,0
Northtown,0.25mi,2012Q2,1,2019-03-05,2019Q1,0
Northtown,0.25mi,2012Q3,0,2019-03-05,2019Q1,0
Northtown,0.25mi,2012Q4,11,2019-03-05,2019Q1,0
Northtown,0.25mi,2013Q1,1,2019-03-05,2019Q1,0
Northtown,0.25mi,2013Q2,2,2019-03-05,2019Q1,0
Northtown,0.25mi,2013Q3,0,2019-03-05,2019Q1,0
Northtown,0.25mi,2013Q4,1,2019-03-05,2019Q1,0
Northtown,0.25mi,2014Q1,1,2019-03-05,2019Q1,0
Northtown,0.25mi,2014Q2,3,2019-03-05,2019Q1,0
Northtown,0.25mi,2014Q3,2,2019-03-05,2019Q1,0
Northtown,0.25mi,2014Q4,0,2019-03-05,2019Q1,0
Northtown,0.25mi,2015Q1,2,2019-03-05,2019Q1,0
Northtown,0.25mi,2015Q2,3,2019-03-05,2019Q1,0
Northtown,0.25mi,2015Q3,1,2019-03-05,2019Q1,0
Northtown,0.25mi,2015Q4,1,2019-03-05,2019Q1,0
Northtown,0.25mi,2016Q1,1,2019-03-05,2019Q1,0
Northtown,0.25mi,2016Q2,0,2019-03-05,2019Q1,0
Northtown,0.25mi,2016Q3,1,2019-03-05,2019Q1,0
Northtown,0.25mi,2016Q4,0,2019-03-05,2019Q1,0
Northtown,0.25mi,2017Q1,0,2019-03-05,2019Q1,0
Northtown,0.25mi,2017Q2,1,2019-03-05,2019Q1,0
Northtown,0.25mi,2017Q3,1,2019-03-05,2019Q1,0
Northtown,0.25mi,2017Q4,0,2019-03-05,2019Q1,0
Northtown,0.25mi,2018Q1,2,2019-03-05,2019Q1,0
Northtown,0.25mi,2018Q2,1,2019-03-05,2019Q1,0
Northtown,0.25mi,2018Q3,1,2019-03-05,2019Q1,0
Northtown,0.25mi,2018Q4,0,2019-03-05,2019Q1,0
Northtown,0.25mi,2019Q1,1,2019-03-05,2019Q1,1
Northtown,0.25mi,2019Q2,0,2019-03-05,2019Q1,1
Northtown,0.25mi,2019Q3,0,2019-03-05,2019Q1,1
Northtown,0.25mi,2019Q4,0,2019-03-05,2019Q1,1
Northtown,0.25mi,2020Q1,2,2019-03-05,2019Q1,1
Northtown,0.25mi,2020Q2,1,2019-03-05,2019Q1,1
Northtown,0.25mi,2020Q3,0,2019-03-05,2019Q1,1
Northtown,0.25mi,2020Q4,0,2019-03-05,2019Q1,1
Northtown,0.25mi,2021Q1,0,2019-03-05,2019Q1,1
Northtown,0.25mi,2021Q2,1,2019-03-05,2019Q1,1
Northtown,0.25mi,2021Q3,3,2019-03-05,2019Q1,1
Northtown,0.25mi,2021Q4,5,2019-03-05,2019Q1,1
Northtown,0.25mi,2022Q1,0,2019-03-05,2019Q1,1
Northtown,0.25mi,2022Q2,1,2019-03-05,2019Q1,1
Northtown,0.25mi,2022Q3,0,2019-03-05,2019Q1,1
Northtown,0.25mi,2022Q4,1,2019-03-05,2019Q1,1
Northtown,0.25mi,2023Q1,3,2019-03-05,2019Q1,1
Northtown,0.25mi,2023Q2,1,2019-03-05,2019Q1,1
Northtown,0.25mi,2023Q3,1,2019-03-05,2019Q1,1
Northtown,0.25mi,2023Q4,0,2019-03-05,2019Q1,1
Northtown,0.25mi,2024Q1,0,2019-03-05,2019Q1,1
Northtown,0.25mi,2024Q2,1,2019-03-05,2019Q1,1
Northtown,0.25mi,2024Q3,0,2019-03-05,2019Q1,1
Northtown,0.25mi,2024Q4,2,2019-03-05,2019Q1,1
Northtown,0.25mi,2025Q1,0,2019-03-05,2019Q1,1
Northtown,0.25mi,2025Q2,0,2019-03-05,2019Q1,1
Northtown,0.25mi,2025Q3,0,2019-03-05,2019Q1,1
Northtown,0.25mi,2025Q4,0,2019-03-05,2019Q1,1
Northtown,0.25mi,2026Q1,0,2019-03-05,2019Q1,1
Northtown,0.25mi,2026Q2,3,2019-03-05,2019Q1,1
Northtown,0.5mi,2005Q1,7,2019-03-05,2019Q1,0
Northtown,0.5mi,2005Q2,5,2019-03-05,2019Q1,0
Northtown,0.5mi,2005Q3,3,2019-03-05,2019Q1,0
Northtown,0.5mi,2005Q4,5,2019-03-05,2019Q1,0
Northtown,0.5mi,2006Q1,9,2019-03-05,2019Q1,0
Northtown,0.5mi,2006Q2,5,2019-03-05,2019Q1,0
Northtown,0.5mi,2006Q3,4,2019-03-05,2019Q1,0
Northtown,0.5mi,2006Q4,11,2019-03-05,2019Q1,0
Northtown,0.5mi,2007Q1,8,2019-03-05,2019Q1,0
Northtown,0.5mi,2007Q2,5,2019-03-05,2019Q1,0
Northtown,0.5mi,2007Q3,1,2019-03-05,2019Q1,0
Northtown,0.5mi,2007Q4,3,2019-03-05,2019Q1,0
Northtown,0.5mi,2008Q1,3,2019-03-05,2019Q1,0
Northtown,0.5mi,2008Q2,13,2019-03-05,2019Q1,0
Northtown,0.5mi,2008Q3,5,2019-03-05,2019Q1,0
Northtown,0.5mi,2008Q4,3,2019-03-05,2019Q1,0
Northtown,0.5mi,2009Q1,3,2019-03-05,2019Q1,0
Northtown,0.5mi,2009Q2,3,2019-03-05,2019Q1,0
Northtown,0.5mi,2009Q3,7,2019-03-05,2019Q1,0
Northtown,0.5mi,2009Q4,6,2019-03-05,2019Q1,0
Northtown,0.5mi,2010Q1,4,2019-03-05,2019Q1,0
Northtown,0.5mi,2010Q2,4,2019-03-05,2019Q1,0
Northtown,0.5mi,2010Q3,8,2019-03-05,2019Q1,0
Northtown,0.5mi,2010Q4,5,2019-03-05,2019Q1,0
Northtown,0.5mi,2011Q1,4,2019-03-05,2019Q1,0
Northtown,0.5mi,2011Q2,5,2019-03-05,2019Q1,0
Northtown,0.5mi,2011Q3,10,2019-03-05,2019Q1,0
Northtown,0.5mi,2011Q4,13,2019-03-05,2019Q1,0
Northtown,0.5mi,2012Q1,4,2019-03-05,2019Q1,0
Northtown,0.5mi,2012Q2,5,2019-03-05,2019Q1,0
Northtown,0.5mi,2012Q3,2,2019-03-05,2019Q1,0
Northtown,0.5mi,2012Q4,36,2019-03-05,2019Q1,0
Northtown,0.5mi,2013Q1,2,2019-03-05,2019Q1,0
Northtown,0.5mi,2013Q2,11,2019-03-05,2019Q1,0
Northtown,0.5mi,2013Q3,1,2019-03-05,2019Q1,0
Northtown,0.5mi,2013Q4,7,2019-03-05,2019Q1,0
Northtown,0.5mi,2014Q1,3,2019-03-05,2019Q1,0
Northtown,0.5mi,2014Q2,5,2019-03-05,2019Q1,0
Northtown,0.5mi,2014Q3,3,2019-03-05,2019Q1,0
Northtown,0.5mi,2014Q4,3,2019-03-05,2019Q1,0
Northtown,0.5mi,2015Q1,7,2019-03-05,2019Q1,0
Northtown,0.5mi,2015Q2,4,2019-03-05,2019Q1,0
Northtown,0.5mi,2015Q3,4,2019-03-05,2019Q1,0
Northtown,0.5mi,2015Q4,3,2019-03-05,2019Q1,0
Northtown,0.5mi,2016Q1,2,2019-03-05,2019Q1,0
Northtown,0.5mi,2016Q2,2,2019-03-05,2019Q1,0
Northtown,0.5mi,2016Q3,6,2019-03-05,2019Q1,0
Northtown,0.5mi,2016Q4,1,2019-03-05,2019Q1,0
Northtown,0.5mi,2017Q1,3,2019-03-05,2019Q1,0
Northtown,0.5mi,2017Q2,4,2019-03-05,2019Q1,0
Northtown,0.5mi,2017Q3,5,2019-03-05,2019Q1,0
Northtown,0.5mi,2017Q4,1,2019-03-05,2019Q1,0
Northtown,0.5mi,2018Q1,2,2019-03-05,2019Q1,0
Northtown,0.5mi,2018Q2,6,2019-03-05,2019Q1,0
Northtown,0.5mi,2018Q3,3,2019-03-05,2019Q1,0
Northtown,0.5mi,2018Q4,1,2019-03-05,2019Q1,0
Northtown,0.5mi,2019Q1,1,2019-03-05,2019Q1,1
Northtown,0.5mi,2019Q2,3,2019-03-05,2019Q1,1
Northtown,0.5mi,2019Q3,0,2019-03-05,2019Q1,1
Northtown,0.5mi,2019Q4,2,2019-03-05,2019Q1,1
Northtown,0.5mi,2020Q1,5,2019-03-05,2019Q1,1
Northtown,0.5mi,2020Q2,3,2019-03-05,2019Q1,1
Northtown,0.5mi,2020Q3,0,2019-03-05,2019Q1,1
Northtown,0.5mi,2020Q4,1,2019-03-05,2019Q1,1
Northtown,0.5mi,2021Q1,0,2019-03-05,2019Q1,1
Northtown,0.5mi,2021Q2,3,2019-03-05,2019Q1,1
Northtown,0.5mi,2021Q3,3,2019-03-05,2019Q1,1
Northtown,0.5mi,2021Q4,5,2019-03-05,2019Q1,1
Northtown,0.5mi,2022Q1,2,2019-03-05,2019Q1,1
Northtown,0.5mi,2022Q2,3,2019-03-05,2019Q1,1
Northtown,0.5mi,2022Q3,5,2019-03-05,2019Q1,1
Northtown,0.5mi,2022Q4,3,2019-03-05,2019Q1,1
Northtown,0.5mi,2023Q1,4,2019-03-05,2019Q1,1
Northtown,0.5mi,2023Q2,1,2019-03-05,2019Q1,1
Northtown,0.5mi,2023Q3,2,2019-03-05,2019Q1,1
Northtown,0.5mi,2023Q4,3,2019-03-05,2019Q1,1
Northtown,0.5mi,2024Q1,0,2019-03-05,2019Q1,1
Northtown,0.5mi,2024Q2,4,2019-03-05,2019Q1,1
Northtown,0.5mi,2024Q3,2,2019-03-05,2019Q1,1
Northtown,0.5mi,2024Q4,3,2019-03-05,2019Q1,1
Northtown,0.5mi,2025Q1,0,2019-03-05,2019Q1,1
Northtown,0.5mi,2025Q2,3,2019-03-05,2019Q1,1
Northtown,0.5mi,2025Q3,2,2019-03-05,2019Q1,1
Northtown,0.5mi,2025Q4,1,2019-03-05,2019Q1,1
Northtown,0.5mi,2026Q1,1,2019-03-05,2019Q1,1
Northtown,0.5mi,2026Q2,4,2019-03-05,2019Q1,1
Legler Regional,0.25mi,2005Q1,11,2019-06-01,2019Q2,0
Legler Regional,0.25mi,2005Q2,8,2019-06-01,2019Q2,0
Legler Regional,0.25mi,2005Q3,12,2019-06-01,2019Q2,0
Legler Regional,0.25mi,2005Q4,12,2019-06-01,2019Q2,0
Legler Regional,0.25mi,2006Q1,10,2019-06-01,2019Q2,0
Legler Regional,0.25mi,2006Q2,6,2019-06-01,2019Q2,0
Legler Regional,0.25mi,2006Q3,7,2019-06-01,2019Q2,0
Legler Regional,0.25mi,2006Q4,6,2019-06-01,2019Q2,0
Legler Regional,0.25mi,2007Q1,8,2019-06-01,2019Q2,0
Legler Regional,0.25mi,2007Q2,12,2019-06-01,2019Q2,0
Legler Regional,0.25mi,2007Q3,14,2019-06-01,2019Q2,0
Legler Regional,0.25mi,2007Q4,5,2019-06-01,2019Q2,0
Legler Regional,0.25mi,2008Q1,4,2019-06-01,2019Q2,0
Legler Regional,0.25mi,2008Q2,9,2019-06-01,2019Q2,0
Legler Regional,0.25mi,2008Q3,10,2019-06-01,2019Q2,0
Legler Regional,0.25mi,2008Q4,5,2019-06-01,2019Q2,0
Legler Regional,0.25mi,2009Q1,2,2019-06-01,2019Q2,0
Legler Regional,0.25mi,2009Q2,6,2019-06-01,2019Q2,0
Legler Regional,0.25mi,2009Q3,9,2019-06-01,2019Q2,0
Legler Regional,0.25mi,2009Q4,4,2019-06-01,2019Q2,0
Legler Regional,0.25mi,2010Q1,7,2019-06-01,2019Q2,0
Legler Regional,0.25mi,2010Q2,5,2019-06-01,2019Q2,0
Legler Regional,0.25mi,2010Q3,16,2019-06-01,2019Q2,0
Legler Regional,0.25mi,2010Q4,4,2019-06-01,2019Q2,0
Legler Regional,0.25mi,2011Q1,6,2019-06-01,2019Q2,0
Legler Regional,0.25mi,2011Q2,3,2019-06-01,2019Q2,0
Legler Regional,0.25mi,2011Q3,12,2019-06-01,2019Q2,0
Legler Regional,0.25mi,2011Q4,11,2019-06-01,2019Q2,0
Legler Regional,0.25mi,2012Q1,6,2019-06-01,2019Q2,0
Legler Regional,0.25mi,2012Q2,13,2019-06-01,2019Q2,0
Legler Regional,0.25mi,2012Q3,7,2019-06-01,2019Q2,0
Legler Regional,0.25mi,2012Q4,15,2019-06-01,2019Q2,0
Legler Regional,0.25mi,2013Q1,2,2019-06-01,2019Q2,0
Legler Regional,0.25mi,2013Q2,5,2019-06-01,2019Q2,0
Legler Regional,0.25mi,2013Q3,2,2019-06-01,2019Q2,0
Legler Regional,0.25mi,2013Q4,8,2019-06-01,2019Q2,0
Legler Regional,0.25mi,2014Q1,5,2019-06-01,2019Q2,0
Legler Regional,0.25mi,2014Q2,5,2019-06-01,2019Q2,0
Legler Regional,0.25mi,2014Q3,4,2019-06-01,2019Q2,0
Legler Regional,0.25mi,2014Q4,3,2019-06-01,2019Q2,0
Legler Regional,0.25mi,2015Q1,2,2019-06-01,2019Q2,0
Legler Regional,0.25mi,2015Q2,4,2019-06-01,2019Q2,0
Legler Regional,0.25mi,2015Q3,8,2019-06-01,2019Q2,0
Legler Regional,0.25mi,2015Q4,5,2019-06-01,2019Q2,0
Legler Regional,0.25mi,2016Q1,4,2019-06-01,2019Q2,0
Legler Regional,0.25mi,2016Q2,4,2019-06-01,2019Q2,0
Legler Regional,0.25mi,2016Q3,1,2019-06-01,2019Q2,0
Legler Regional,0.25mi,2016Q4,3,2019-06-01,2019Q2,0
Legler Regional,0.25mi,2017Q1,4,2019-06-01,2019Q2,0
Legler Regional,0.25mi,2017Q2,4,2019-06-01,2019Q2,0
Legler Regional,0.25mi,2017Q3,9,2019-06-01,2019Q2,0
Legler Regional,0.25mi,2017Q4,1,2019-06-01,2019Q2,0
Legler Regional,0.25mi,2018Q1,4,2019-06-01,2019Q2,0
Legler Regional,0.25mi,2018Q2,3,2019-06-01,2019Q2,0
Legler Regional,0.25mi,2018Q3,7,2019-06-01,2019Q2,0
Legler Regional,0.25mi,2018Q4,9,2019-06-01,2019Q2,0
Legler Regional,0.25mi,2019Q1,8,2019-06-01,2019Q2,0
Legler Regional,0.25mi,2019Q2,2,2019-06-01,2019Q2,1
Legler Regional,0.25mi,2019Q3,2,2019-06-01,2019Q2,1
Legler Regional,0.25mi,2019Q4,2,2019-06-01,2019Q2,1
Legler Regional,0.25mi,2020Q1,1,2019-06-01,2019Q2,1
Legler Regional,0.25mi,2020Q2,3,2019-06-01,2019Q2,1
Legler Regional,0.25mi,2020Q3,6,2019-06-01,2019Q2,1
Legler Regional,0.25mi,2020Q4,1,2019-06-01,2019Q2,1
Legler Regional,0.25mi,2021Q1,4,2019-06-01,2019Q2,1
Legler Regional,0.25mi,2021Q2,3,2019-06-01,2019Q2,1
Legler Regional,0.25mi,2021Q3,6,2019-06-01,2019Q2,1
Legler Regional,0.25mi,2021Q4,7,2019-06-01,2019Q2,1
Legler Regional,0.25mi,2022Q1,4,2019-06-01,2019Q2,1
Legler Regional,0.25mi,2022Q2,10,2019-06-01,2019Q2,1
Legler Regional,0.25mi,2022Q3,4,2019-06-01,2019Q2,1
Legler Regional,0.25mi,2022Q4,1,2019-06-01,2019Q2,1
Legler Regional,0.25mi,2023Q1,3,2019-06-01,2019Q2,1
Legler Regional,0.25mi,2023Q2,6,2019-06-01,2019Q2,1
Legler Regional,0.25mi,2023Q3,9,2019-06-01,2019Q2,1
Legler Regional,0.25mi,2023Q4,4,2019-06-01,2019Q2,1
Legler Regional,0.25mi,2024Q1,3,2019-06-01,2019Q2,1
Legler Regional,0.25mi,2024Q2,3,2019-06-01,2019Q2,1
Legler Regional,0.25mi,2024Q3,7,2019-06-01,2019Q2,1
Legler Regional,0.25mi,2024Q4,8,2019-06-01,2019Q2,1
Legler Regional,0.25mi,2025Q1,5,2019-06-01,2019Q2,1
Legler Regional,0.25mi,2025Q2,4,2019-06-01,2019Q2,1
Legler Regional,0.25mi,2025Q3,10,2019-06-01,2019Q2,1
Legler Regional,0.25mi,2025Q4,6,2019-06-01,2019Q2,1
Legler Regional,0.25mi,2026Q1,8,2019-06-01,2019Q2,1
Legler Regional,0.25mi,2026Q2,4,2019-06-01,2019Q2,1
Legler Regional,0.5mi,2005Q1,16,2019-06-01,2019Q2,0
Legler Regional,0.5mi,2005Q2,13,2019-06-01,2019Q2,0
Legler Regional,0.5mi,2005Q3,27,2019-06-01,2019Q2,0
Legler Regional,0.5mi,2005Q4,16,2019-06-01,2019Q2,0
Legler Regional,0.5mi,2006Q1,16,2019-06-01,2019Q2,0
Legler Regional,0.5mi,2006Q2,11,2019-06-01,2019Q2,0
Legler Regional,0.5mi,2006Q3,12,2019-06-01,2019Q2,0
Legler Regional,0.5mi,2006Q4,8,2019-06-01,2019Q2,0
Legler Regional,0.5mi,2007Q1,12,2019-06-01,2019Q2,0
Legler Regional,0.5mi,2007Q2,15,2019-06-01,2019Q2,0
Legler Regional,0.5mi,2007Q3,16,2019-06-01,2019Q2,0
Legler Regional,0.5mi,2007Q4,8,2019-06-01,2019Q2,0
Legler Regional,0.5mi,2008Q1,6,2019-06-01,2019Q2,0
Legler Regional,0.5mi,2008Q2,15,2019-06-01,2019Q2,0
Legler Regional,0.5mi,2008Q3,12,2019-06-01,2019Q2,0
Legler Regional,0.5mi,2008Q4,9,2019-06-01,2019Q2,0
Legler Regional,0.5mi,2009Q1,5,2019-06-01,2019Q2,0
Legler Regional,0.5mi,2009Q2,13,2019-06-01,2019Q2,0
Legler Regional,0.5mi,2009Q3,14,2019-06-01,2019Q2,0
Legler Regional,0.5mi,2009Q4,10,2019-06-01,2019Q2,0
Legler Regional,0.5mi,2010Q1,10,2019-06-01,2019Q2,0
Legler Regional,0.5mi,2010Q2,6,2019-06-01,2019Q2,0
Legler Regional,0.5mi,2010Q3,20,2019-06-01,2019Q2,0
Legler Regional,0.5mi,2010Q4,9,2019-06-01,2019Q2,0
Legler Regional,0.5mi,2011Q1,10,2019-06-01,2019Q2,0
Legler Regional,0.5mi,2011Q2,4,2019-06-01,2019Q2,0
Legler Regional,0.5mi,2011Q3,19,2019-06-01,2019Q2,0
Legler Regional,0.5mi,2011Q4,14,2019-06-01,2019Q2,0
Legler Regional,0.5mi,2012Q1,11,2019-06-01,2019Q2,0
Legler Regional,0.5mi,2012Q2,13,2019-06-01,2019Q2,0
Legler Regional,0.5mi,2012Q3,11,2019-06-01,2019Q2,0
Legler Regional,0.5mi,2012Q4,36,2019-06-01,2019Q2,0
Legler Regional,0.5mi,2013Q1,6,2019-06-01,2019Q2,0
Legler Regional,0.5mi,2013Q2,10,2019-06-01,2019Q2,0
Legler Regional,0.5mi,2013Q3,6,2019-06-01,2019Q2,0
Legler Regional,0.5mi,2013Q4,12,2019-06-01,2019Q2,0
Legler Regional,0.5mi,2014Q1,5,2019-06-01,2019Q2,0
Legler Regional,0.5mi,2014Q2,9,2019-06-01,2019Q2,0
Legler Regional,0.5mi,2014Q3,7,2019-06-01,2019Q2,0
Legler Regional,0.5mi,2014Q4,5,2019-06-01,2019Q2,0
Legler Regional,0.5mi,2015Q1,5,2019-06-01,2019Q2,0
Legler Regional,0.5mi,2015Q2,6,2019-06-01,2019Q2,0
Legler Regional,0.5mi,2015Q3,18,2019-06-01,2019Q2,0
Legler Regional,0.5mi,2015Q4,7,2019-06-01,2019Q2,0
Legler Regional,0.5mi,2016Q1,5,2019-06-01,2019Q2,0
Legler Regional,0.5mi,2016Q2,6,2019-06-01,2019Q2,0
Legler Regional,0.5mi,2016Q3,4,2019-06-01,2019Q2,0
Legler Regional,0.5mi,2016Q4,6,2019-06-01,2019Q2,0
Legler Regional,0.5mi,2017Q1,6,2019-06-01,2019Q2,0
Legler Regional,0.5mi,2017Q2,8,2019-06-01,2019Q2,0
Legler Regional,0.5mi,2017Q3,10,2019-06-01,2019Q2,0
Legler Regional,0.5mi,2017Q4,4,2019-06-01,2019Q2,0
Legler Regional,0.5mi,2018Q1,4,2019-06-01,2019Q2,0
Legler Regional,0.5mi,2018Q2,4,2019-06-01,2019Q2,0
Legler Regional,0.5mi,2018Q3,10,2019-06-01,2019Q2,0
Legler Regional,0.5mi,2018Q4,15,2019-06-01,2019Q2,0
Legler Regional,0.5mi,2019Q1,10,2019-06-01,2019Q2,0
Legler Regional,0.5mi,2019Q2,4,2019-06-01,2019Q2,1
Legler Regional,0.5mi,2019Q3,5,2019-06-01,2019Q2,1
Legler Regional,0.5mi,2019Q4,3,2019-06-01,2019Q2,1
Legler Regional,0.5mi,2020Q1,8,2019-06-01,2019Q2,1
Legler Regional,0.5mi,2020Q2,6,2019-06-01,2019Q2,1
Legler Regional,0.5mi,2020Q3,8,2019-06-01,2019Q2,1
Legler Regional,0.5mi,2020Q4,3,2019-06-01,2019Q2,1
Legler Regional,0.5mi,2021Q1,4,2019-06-01,2019Q2,1
Legler Regional,0.5mi,2021Q2,3,2019-06-01,2019Q2,1
Legler Regional,0.5mi,2021Q3,7,2019-06-01,2019Q2,1
Legler Regional,0.5mi,2021Q4,7,2019-06-01,2019Q2,1
Legler Regional,0.5mi,2022Q1,7,2019-06-01,2019Q2,1
Legler Regional,0.5mi,2022Q2,11,2019-06-01,2019Q2,1
Legler Regional,0.5mi,2022Q3,7,2019-06-01,2019Q2,1
Legler Regional,0.5mi,2022Q4,4,2019-06-01,2019Q2,1
Legler Regional,0.5mi,2023Q1,8,2019-06-01,2019Q2,1
Legler Regional,0.5mi,2023Q2,8,2019-06-01,2019Q2,1
Legler Regional,0.5mi,2023Q3,10,2019-06-01,2019Q2,1
Legler Regional,0.5mi,2023Q4,9,2019-06-01,2019Q2,1
Legler Regional,0.5mi,2024Q1,3,2019-06-01,2019Q2,1
Legler Regional,0.5mi,2024Q2,4,2019-06-01,2019Q2,1
Legler Regional,0.5mi,2024Q3,8,2019-06-01,2019Q2,1
Legler Regional,0.5mi,2024Q4,12,2019-06-01,2019Q2,1
Legler Regional,0.5mi,2025Q1,6,2019-06-01,2019Q2,1
Legler Regional,0.5mi,2025Q2,10,2019-06-01,2019Q2,1
Legler Regional,0.5mi,2025Q3,12,2019-06-01,2019Q2,1
Legler Regional,0.5mi,2025Q4,10,2019-06-01,2019Q2,1
Legler Regional,0.5mi,2026Q1,10,2019-06-01,2019Q2,1
Legler Regional,0.5mi,2026Q2,5,2019-06-01,2019Q2,1
Altgeld,0.25mi,2005Q1,0,2020-11-09,2020Q4,0
Altgeld,0.25mi,2005Q2,0,2020-11-09,2020Q4,0
Altgeld,0.25mi,2005Q3,0,2020-11-09,2020Q4,0
Altgeld,0.25mi,2005Q4,0,2020-11-09,2020Q4,0
Altgeld,0.25mi,2006Q1,0,2020-11-09,2020Q4,0
Altgeld,0.25mi,2006Q2,0,2020-11-09,2020Q4,0
Altgeld,0.25mi,2006Q3,1,2020-11-09,2020Q4,0
Altgeld,0.25mi,2006Q4,0,2020-11-09,2020Q4,0
Altgeld,0.25mi,2007Q1,0,2020-11-09,2020Q4,0
Altgeld,0.25mi,2007Q2,0,2020-11-09,2020Q4,0
Altgeld,0.25mi,2007Q3,0,2020-11-09,2020Q4,0
Altgeld,0.25mi,2007Q4,0,2020-11-09,2020Q4,0
Altgeld,0.25mi,2008Q1,0,2020-11-09,2020Q4,0
Altgeld,0.25mi,2008Q2,1,2020-11-09,2020Q4,0
Altgeld,0.25mi,2008Q3,0,2020-11-09,2020Q4,0
Altgeld,0.25mi,2008Q4,0,2020-11-09,2020Q4,0
Altgeld,0.25mi,2009Q1,0,2020-11-09,2020Q4,0
Altgeld,0.25mi,2009Q2,0,2020-11-09,2020Q4,0
Altgeld,0.25mi,2009Q3,0,2020-11-09,2020Q4,0
Altgeld,0.25mi,2009Q4,0,2020-11-09,2020Q4,0
Altgeld,0.25mi,2010Q1,0,2020-11-09,2020Q4,0
Altgeld,0.25mi,2010Q2,0,2020-11-09,2020Q4,0
Altgeld,0.25mi,2010Q3,0,2020-11-09,2020Q4,0
Altgeld,0.25mi,2010Q4,0,2020-11-09,2020Q4,0
Altgeld,0.25mi,2011Q1,0,2020-11-09,2020Q4,0
Altgeld,0.25mi,2011Q2,0,2020-11-09,2020Q4,0
Altgeld,0.25mi,2011Q3,0,2020-11-09,2020Q4,0
Altgeld,0.25mi,2011Q4,0,2020-11-09,2020Q4,0
Altgeld,0.25mi,2012Q1,0,2020-11-09,2020Q4,0
Altgeld,0.25mi,2012Q2,0,2020-11-09,2020Q4,0
Altgeld,0.25mi,2012Q3,0,2020-11-09,2020Q4,0
Altgeld,0.25mi,2012Q4,2,2020-11-09,2020Q4,0
Altgeld,0.25mi,2013Q1,0,2020-11-09,2020Q4,0
Altgeld,0.25mi,2013Q2,0,2020-11-09,2020Q4,0
Altgeld,0.25mi,2013Q3,0,2020-11-09,2020Q4,0
Altgeld,0.25mi,2013Q4,0,2020-11-09,2020Q4,0
Altgeld,0.25mi,2014Q1,0,2020-11-09,2020Q4,0
Altgeld,0.25mi,2014Q2,0,2020-11-09,2020Q4,0
Altgeld,0.25mi,2014Q3,1,2020-11-09,2020Q4,0
Altgeld,0.25mi,2014Q4,0,2020-11-09,2020Q4,0
Altgeld,0.25mi,2015Q1,0,2020-11-09,2020Q4,0
Altgeld,0.25mi,2015Q2,1,2020-11-09,2020Q4,0
Altgeld,0.25mi,2015Q3,0,2020-11-09,2020Q4,0
Altgeld,0.25mi,2015Q4,0,2020-11-09,2020Q4,0
Altgeld,0.25mi,2016Q1,0,2020-11-09,2020Q4,0
Altgeld,0.25mi,2016Q2,0,2020-11-09,2020Q4,0
Altgeld,0.25mi,2016Q3,1,2020-11-09,2020Q4,0
Altgeld,0.25mi,2016Q4,0,2020-11-09,2020Q4,0
Altgeld,0.25mi,2017Q1,1,2020-11-09,2020Q4,0
Altgeld,0.25mi,2017Q2,0,2020-11-09,2020Q4,0
Altgeld,0.25mi,2017Q3,2,2020-11-09,2020Q4,0
Altgeld,0.25mi,2017Q4,1,2020-11-09,2020Q4,0
Altgeld,0.25mi,2018Q1,0,2020-11-09,2020Q4,0
Altgeld,0.25mi,2018Q2,0,2020-11-09,2020Q4,0
Altgeld,0.25mi,2018Q3,0,2020-11-09,2020Q4,0
Altgeld,0.25mi,2018Q4,0,2020-11-09,2020Q4,0
Altgeld,0.25mi,2019Q1,2,2020-11-09,2020Q4,0
Altgeld,0.25mi,2019Q2,1,2020-11-09,2020Q4,0
Altgeld,0.25mi,2019Q3,1,2020-11-09,2020Q4,0
Altgeld,0.25mi,2019Q4,0,2020-11-09,2020Q4,0
Altgeld,0.25mi,2020Q1,0,2020-11-09,2020Q4,0
Altgeld,0.25mi,2020Q2,0,2020-11-09,2020Q4,0
Altgeld,0.25mi,2020Q3,0,2020-11-09,2020Q4,0
Altgeld,0.25mi,2020Q4,0,2020-11-09,2020Q4,1
Altgeld,0.25mi,2021Q1,0,2020-11-09,2020Q4,1
Altgeld,0.25mi,2021Q2,0,2020-11-09,2020Q4,1
Altgeld,0.25mi,2021Q3,0,2020-11-09,2020Q4,1
Altgeld,0.25mi,2021Q4,0,2020-11-09,2020Q4,1
Altgeld,0.25mi,2022Q1,0,2020-11-09,2020Q4,1
Altgeld,0.25mi,2022Q2,0,2020-11-09,2020Q4,1
Altgeld,0.25mi,2022Q3,0,2020-11-09,2020Q4,1
Altgeld,0.25mi,2022Q4,0,2020-11-09,2020Q4,1
Altgeld,0.25mi,2023Q1,0,2020-11-09,2020Q4,1
Altgeld,0.25mi,2023Q2,0,2020-11-09,2020Q4,1
Altgeld,0.25mi,2023Q3,0,2020-11-09,2020Q4,1
Altgeld,0.25mi,2023Q4,0,2020-11-09,2020Q4,1
Altgeld,0.25mi,2024Q1,0,2020-11-09,2020Q4,1
Altgeld,0.25mi,2024Q2,0,2020-11-09,2020Q4,1
Altgeld,0.25mi,2024Q3,0,2020-11-09,2020Q4,1
Altgeld,0.25mi,2024Q4,0,2020-11-09,2020Q4,1
Altgeld,0.25mi,2025Q1,0,2020-11-09,2020Q4,1
Altgeld,0.25mi,2025Q2,0,2020-11-09,2020Q4,1
Altgeld,0.25mi,2025Q3,0,2020-11-09,2020Q4,1
Altgeld,0.25mi,2025Q4,0,2020-11-09,2020Q4,1
Altgeld,0.25mi,2026Q1,0,2020-11-09,2020Q4,1
Altgeld,0.25mi,2026Q2,0,2020-11-09,2020Q4,1
Altgeld,0.5mi,2005Q1,0,2020-11-09,2020Q4,0
Altgeld,0.5mi,2005Q2,0,2020-11-09,2020Q4,0
Altgeld,0.5mi,2005Q3,0,2020-11-09,2020Q4,0
Altgeld,0.5mi,2005Q4,0,2020-11-09,2020Q4,0
Altgeld,0.5mi,2006Q1,0,2020-11-09,2020Q4,0
Altgeld,0.5mi,2006Q2,0,2020-11-09,2020Q4,0
Altgeld,0.5mi,2006Q3,1,2020-11-09,2020Q4,0
Altgeld,0.5mi,2006Q4,0,2020-11-09,2020Q4,0
Altgeld,0.5mi,2007Q1,0,2020-11-09,2020Q4,0
Altgeld,0.5mi,2007Q2,0,2020-11-09,2020Q4,0
Altgeld,0.5mi,2007Q3,0,2020-11-09,2020Q4,0
Altgeld,0.5mi,2007Q4,0,2020-11-09,2020Q4,0
Altgeld,0.5mi,2008Q1,0,2020-11-09,2020Q4,0
Altgeld,0.5mi,2008Q2,1,2020-11-09,2020Q4,0
Altgeld,0.5mi,2008Q3,0,2020-11-09,2020Q4,0
Altgeld,0.5mi,2008Q4,0,2020-11-09,2020Q4,0
Altgeld,0.5mi,2009Q1,0,2020-11-09,2020Q4,0
Altgeld,0.5mi,2009Q2,0,2020-11-09,2020Q4,0
Altgeld,0.5mi,2009Q3,0,2020-11-09,2020Q4,0
Altgeld,0.5mi,2009Q4,0,2020-11-09,2020Q4,0
Altgeld,0.5mi,2010Q1,0,2020-11-09,2020Q4,0
Altgeld,0.5mi,2010Q2,0,2020-11-09,2020Q4,0
Altgeld,0.5mi,2010Q3,0,2020-11-09,2020Q4,0
Altgeld,0.5mi,2010Q4,3,2020-11-09,2020Q4,0
Altgeld,0.5mi,2011Q1,0,2020-11-09,2020Q4,0
Altgeld,0.5mi,2011Q2,1,2020-11-09,2020Q4,0
Altgeld,0.5mi,2011Q3,1,2020-11-09,2020Q4,0
Altgeld,0.5mi,2011Q4,0,2020-11-09,2020Q4,0
Altgeld,0.5mi,2012Q1,0,2020-11-09,2020Q4,0
Altgeld,0.5mi,2012Q2,0,2020-11-09,2020Q4,0
Altgeld,0.5mi,2012Q3,0,2020-11-09,2020Q4,0
Altgeld,0.5mi,2012Q4,4,2020-11-09,2020Q4,0
Altgeld,0.5mi,2013Q1,0,2020-11-09,2020Q4,0
Altgeld,0.5mi,2013Q2,0,2020-11-09,2020Q4,0
Altgeld,0.5mi,2013Q3,0,2020-11-09,2020Q4,0
Altgeld,0.5mi,2013Q4,0,2020-11-09,2020Q4,0
Altgeld,0.5mi,2014Q1,1,2020-11-09,2020Q4,0
Altgeld,0.5mi,2014Q2,0,2020-11-09,2020Q4,0
Altgeld,0.5mi,2014Q3,3,2020-11-09,2020Q4,0
Altgeld,0.5mi,2014Q4,0,2020-11-09,2020Q4,0
Altgeld,0.5mi,2015Q1,0,2020-11-09,2020Q4,0
Altgeld,0.5mi,2015Q2,1,2020-11-09,2020Q4,0
Altgeld,0.5mi,2015Q3,0,2020-11-09,2020Q4,0
Altgeld,0.5mi,2015Q4,0,2020-11-09,2020Q4,0
Altgeld,0.5mi,2016Q1,0,2020-11-09,2020Q4,0
Altgeld,0.5mi,2016Q2,0,2020-11-09,2020Q4,0
Altgeld,0.5mi,2016Q3,1,2020-11-09,2020Q4,0
Altgeld,0.5mi,2016Q4,0,2020-11-09,2020Q4,0
Altgeld,0.5mi,2017Q1,2,2020-11-09,2020Q4,0
Altgeld,0.5mi,2017Q2,0,2020-11-09,2020Q4,0
Altgeld,0.5mi,2017Q3,2,2020-11-09,2020Q4,0
Altgeld,0.5mi,2017Q4,1,2020-11-09,2020Q4,0
Altgeld,0.5mi,2018Q1,0,2020-11-09,2020Q4,0
Altgeld,0.5mi,2018Q2,0,2020-11-09,2020Q4,0
Altgeld,0.5mi,2018Q3,0,2020-11-09,2020Q4,0
Altgeld,0.5mi,2018Q4,0,2020-11-09,2020Q4,0
Altgeld,0.5mi,2019Q1,2,2020-11-09,2020Q4,0
Altgeld,0.5mi,2019Q2,3,2020-11-09,2020Q4,0
Altgeld,0.5mi,2019Q3,1,2020-11-09,2020Q4,0
Altgeld,0.5mi,2019Q4,0,2020-11-09,2020Q4,0
Altgeld,0.5mi,2020Q1,0,2020-11-09,2020Q4,0
Altgeld,0.5mi,2020Q2,0,2020-11-09,2020Q4,0
Altgeld,0.5mi,2020Q3,1,2020-11-09,2020Q4,0
Altgeld,0.5mi,2020Q4,0,2020-11-09,2020Q4,1
Altgeld,0.5mi,2021Q1,0,2020-11-09,2020Q4,1
Altgeld,0.5mi,2021Q2,0,2020-11-09,2020Q4,1
Altgeld,0.5mi,2021Q3,0,2020-11-09,2020Q4,1
Altgeld,0.5mi,2021Q4,0,2020-11-09,2020Q4,1
Altgeld,0.5mi,2022Q1,0,2020-11-09,2020Q4,1
Altgeld,0.5mi,2022Q2,0,2020-11-09,2020Q4,1
Altgeld,0.5mi,2022Q3,0,2020-11-09,2020Q4,1
Altgeld,0.5mi,2022Q4,0,2020-11-09,2020Q4,1
Altgeld,0.5mi,2023Q1,0,2020-11-09,2020Q4,1
Altgeld,0.5mi,2023Q2,0,2020-11-09,2020Q4,1
Altgeld,0.5mi,2023Q3,1,2020-11-09,2020Q4,1
Altgeld,0.5mi,2023Q4,0,2020-11-09,2020Q4,1
Altgeld,0.5mi,2024Q1,0,2020-11-09,2020Q4,1
Altgeld,0.5mi,2024Q2,0,2020-11-09,2020Q4,1
Altgeld,0.5mi,2024Q3,0,2020-11-09,2020Q4,1
Altgeld,0.5mi,2024Q4,0,2020-11-09,2020Q4,1
Altgeld,0.5mi,2025Q1,0,2020-11-09,2020Q4,1
Altgeld,0.5mi,2025Q2,0,2020-11-09,2020Q4,1
Altgeld,0.5mi,2025Q3,0,2020-11-09,2020Q4,1
Altgeld,0.5mi,2025Q4,0,2020-11-09,2020Q4,1
Altgeld,0.5mi,2026Q1,0,2020-11-09,2020Q4,1
Altgeld,0.5mi,2026Q2,0,2020-11-09,2020Q4,1
